{"at":1786210012.004681,"method":"initialize","request_id":0}
{"done_at":1786210012.005384,"request_id":0,"ok":true}
{"at":1786210012.00615,"method":"notifications/initialized","request_id":null}
{"at":1786210012.006612,"method":"tools/list","request_id":1}
{"done_at":1786210012.007002,"request_id":1,"ok":true}
{"at":1786210026.026442,"method":"tools/call","request_id":2}
{"done_at":1786210026.237678,"request_id":2,"ok":true}
{"at":1786210031.672424,"method":"tools/call","request_id":3}
{"done_at":1786210031.799954,"request_id":3,"ok":true}
{"at":1786210050.465101,"method":"tools/call","request_id":4}
{"done_at":1786210050.676349,"request_id":4,"ok":true}
{"at":1786210064.150748,"method":"tools/call","request_id":5}
{"done_at":1786210064.373167,"request_id":5,"ok":true}
{"at":1786210072.004351,"method":"tools/call","request_id":6}
{"done_at":1786210072.240602,"request_id":6,"ok":true}
{"at":1786210078.500229,"method":"tools/call","request_id":7}
{"done_at":1786210078.565104,"request_id":7,"ok":true}
{"at":1786210093.597328,"method":"tools/call","request_id":8}
{"done_at":1786210093.794178,"request_id":8,"ok":true}
{"at":1786210100.329296,"method":"tools/call","request_id":9}
{"done_at":1786210100.385821,"request_id":9,"ok":true}
{"at":1786210108.301647,"method":"tools/call","request_id":10}
{"done_at":1786210108.645897,"request_id":10,"ok":true}
{"at":1786210116.522488,"method":"tools/call","request_id":11}
{"done_at":1786210116.726813,"request_id":11,"ok":true}
{"at":1786210121.478627,"method":"tools/call","request_id":12}
{"done_at":1786210121.751542,"request_id":12,"ok":true}
{"at":1786210129.379072,"method":"tools/call","request_id":13}
{"done_at":1786210129.590665,"request_id":13,"ok":true}
{"at":1786210135.248178,"method":"tools/call","request_id":14}
{"done_at":1786210135.318528,"request_id":14,"ok":true}
{"at":1786210152.407138,"method":"tools/call","request_id":15}
{"done_at":1786210152.879152,"request_id":15,"ok":true}
{"at":1786210166.17082,"method":"tools/call","request_id":16}
{"done_at":1786210166.227109,"request_id":16,"ok":true}
{"at":1786210185.956677,"method":"tools/call","request_id":17}
{"done_at":1786210186.14411,"request_id":17,"ok":true}
{"at":1786210192.067014,"method":"tools/call","request_id":18}
{"done_at":1786210192.13057,"request_id":18,"ok":true}
{"at":1786210202.510215,"method":"tools/call","request_id":19}
{"done_at":1786210202.728979,"request_id":19,"ok":true}
{"at":1786210212.598722,"method":"tools/call","request_id":20}
{"done_at":1786210212.656013,"request_id":20,"ok":true}
{"at":1786210221.254687,"method":"tools/call","request_id":21}
{"done_at":1786210221.455876,"request_id":21,"ok":true}
{"at":1786210227.891879,"method":"tools/call","request_id":22}
{"done_at":1786210227.946527,"request_id":22,"ok":true}
{"at":1786210236.156194,"method":"tools/call","request_id":23}
{"done_at":1786210236.406053,"request_id":23,"ok":true}
{"at":1786210241.101339,"method":"tools/call","request_id":24}
{"done_at":1786210241.164808,"request_id":24,"ok":true}
{"at":1786210251.045649,"method":"tools/call","request_id":25}
{"done_at":1786210251.272947,"request_id":25,"ok":true}
{"at":1786210257.9043,"method":"tools/call","request_id":26}
{"done_at":1786210257.949215,"request_id":26,"ok":true}
{"at":1786210267.998848,"method":"tools/call","request_id":27}
{"done_at":1786210268.206086,"request_id":27,"ok":true}
{"at":1786210276.152777,"method":"tools/call","request_id":28}
{"done_at":1786210276.204143,"request_id":28,"ok":true}
{"at":1786210286.157338,"method":"tools/call","request_id":29}
{"done_at":1786210286.343346,"request_id":29,"ok":true}
{"at":1786210291.827454,"method":"tools/call","request_id":30}
{"done_at":1786210291.875091,"request_id":30,"ok":true}
{"at":1786210300.169743,"method":"tools/call","request_id":31}
{"done_at":1786210300.360545,"request_id":31,"ok":true}
{"at":1786210306.438047,"method":"tools/call","request_id":32}
{"done_at":1786210306.490121,"request_id":32,"ok":true}
{"at":1786210313.157989,"method":"tools/call","request_id":33}
{"done_at":1786210313.313414,"request_id":33,"ok":true}
{"at":1786210320.101876,"method":"tools/call","request_id":34}
{"done_at":1786210320.15686,"request_id":34,"ok":true}
{"at":1786210328.674339,"method":"tools/call","request_id":35}
{"done_at":1786210328.95704,"request_id":35,"ok":true}
{"at":1786210335.007976,"method":"tools/call","request_id":36}
{"done_at":1786210335.069814,"request_id":36,"ok":true}
{"at":1786210345.769681,"method":"tools/call","request_id":37}
{"done_at":1786210345.960423,"request_id":37,"ok":true}
{"at":1786210360.672747,"method":"tools/call","request_id":38}
{"done_at":1786210360.725443,"request_id":38,"ok":true}
{"at":1786210372.543003,"method":"tools/call","request_id":39}
{"done_at":1786210372.751085,"request_id":39,"ok":true}
{"at":1786210379.189146,"method":"tools/call","request_id":40}
{"done_at":1786210379.238042,"request_id":40,"ok":true}
{"at":1786210389.071065,"method":"tools/call","request_id":41}
{"done_at":1786210389.459437,"request_id":41,"ok":true}
{"at":1786210397.243814,"method":"tools/call","request_id":42}
{"done_at":1786210397.301687,"request_id":42,"ok":true}
{"at":1786210405.244719,"method":"tools/call","request_id":43}
{"done_at":1786210405.43153,"request_id":43,"ok":true}
{"at":1786210413.339397,"method":"tools/call","request_id":44}
{"done_at":1786210413.401051,"request_id":44,"ok":true}
{"at":1786210420.278215,"method":"tools/call","request_id":45}
{"done_at":1786210420.656373,"request_id":45,"ok":true}
{"at":1786210427.028088,"method":"tools/call","request_id":46}
{"done_at":1786210427.087341,"request_id":46,"ok":true}
{"at":1786210444.263444,"method":"tools/call","request_id":47}
{"done_at":1786210444.481041,"request_id":47,"ok":true}
{"at":1786210450.293902,"method":"tools/call","request_id":48}
{"done_at":1786210450.342924,"request_id":48,"ok":true}
{"at":1786210459.143113,"method":"tools/call","request_id":49}
{"done_at":1786210459.327781,"request_id":49,"ok":true}
{"at":1786210473.10791,"method":"tools/call","request_id":50}
{"done_at":1786210473.169182,"request_id":50,"ok":true}
{"at":1786210486.611807,"method":"tools/call","request_id":51}
{"done_at":1786210487.026716,"request_id":51,"ok":true}
{"at":1786210499.223524,"method":"tools/call","request_id":52}
{"done_at":1786210499.270039,"request_id":52,"ok":true}
{"at":1786210511.958001,"method":"tools/call","request_id":53}
{"done_at":1786210512.15485,"request_id":53,"ok":true}
{"at":1786210525.973394,"method":"tools/call","request_id":54}
{"done_at":1786210526.031922,"request_id":54,"ok":true}
{"at":1786210533.725661,"method":"tools/call","request_id":55}
{"done_at":1786210533.919008,"request_id":55,"ok":true}
{"at":1786210544.594269,"method":"tools/call","request_id":56}
{"done_at":1786210544.643886,"request_id":56,"ok":true}
{"at":1786210557.81989,"method":"tools/call","request_id":57}
{"done_at":1786210558.028683,"request_id":57,"ok":true}
{"at":1786210564.656089,"method":"initialize","request_id":0}
{"done_at":1786210564.656674,"request_id":0,"ok":true}
{"at":1786210564.657513,"method":"notifications/initialized","request_id":null}
{"at":1786210564.658106,"method":"tools/list","request_id":1}
{"done_at":1786210564.658526,"request_id":1,"ok":true}
{"at":1786210578.382922,"method":"tools/call","request_id":2}
{"done_at":1786210578.830343,"request_id":2,"ok":true}
{"at":1786210587.44319,"method":"tools/call","request_id":3}
{"done_at":1786210587.52197,"request_id":3,"ok":true}
{"at":1786210601.390472,"method":"tools/call","request_id":4}
{"done_at":1786210601.569439,"request_id":4,"ok":true}
{"at":1786210601.601858,"method":"tools/call","request_id":5}
{"done_at":1786210601.786497,"request_id":5,"ok":true}
{"at":1786210605.948493,"method":"tools/call","request_id":6}
{"done_at":1786210605.989017,"request_id":6,"ok":true}
{"at":1786210618.933689,"method":"tools/call","request_id":7}
{"done_at":1786210619.175633,"request_id":7,"ok":true}
{"at":1786210631.443995,"method":"tools/call","request_id":8}
{"done_at":1786210631.618215,"request_id":8,"ok":true}
{"at":1786210634.551626,"method":"tools/call","request_id":9}
{"done_at":1786210634.601136,"request_id":9,"ok":true}
{"at":1786210643.776983,"method":"tools/call","request_id":10}
{"done_at":1786210643.974335,"request_id":10,"ok":true}
{"at":1786210652.882333,"method":"tools/call","request_id":11}
{"done_at":1786210653.088948,"request_id":11,"ok":true}
{"at":1786210660.59306,"method":"tools/call","request_id":12}
{"done_at":1786210660.657692,"request_id":12,"ok":true}
{"at":1786210666.521348,"method":"tools/call","request_id":13}
{"done_at":1786210666.714572,"request_id":13,"ok":true}
{"at":1786210675.064443,"method":"tools/call","request_id":14}
{"done_at":1786210675.276586,"request_id":14,"ok":true}
{"at":1786210683.961498,"method":"tools/call","request_id":15}
{"done_at":1786210684.187339,"request_id":15,"ok":true}
{"at":1786210690.668036,"method":"tools/call","request_id":16}
{"done_at":1786210691.13617,"request_id":16,"ok":true}
{"at":1786210694.499178,"method":"tools/call","request_id":17}
{"done_at":1786210694.55151,"request_id":17,"ok":true}
{"at":1786210700.796782,"method":"tools/call","request_id":18}
{"done_at":1786210701.002057,"request_id":18,"ok":true}
{"at":1786210710.335096,"method":"tools/call","request_id":19}
{"done_at":1786210710.377972,"request_id":19,"ok":true}
{"at":1786210719.925892,"method":"tools/call","request_id":20}
{"done_at":1786210720.136208,"request_id":20,"ok":true}
{"at":1786210728.052755,"method":"tools/call","request_id":21}
{"done_at":1786210728.258454,"request_id":21,"ok":true}
{"at":1786210737.412651,"method":"tools/call","request_id":22}
{"done_at":1786210737.46382,"request_id":22,"ok":true}
{"at":1786210743.58678,"method":"tools/call","request_id":23}
{"done_at":1786210743.782906,"request_id":23,"ok":true}
{"at":1786210748.127301,"method":"tools/call","request_id":24}
{"done_at":1786210748.17607,"request_id":24,"ok":true}
{"at":1786210758.919133,"method":"tools/call","request_id":25}
{"done_at":1786210759.126261,"request_id":25,"ok":true}
{"at":1786210762.899711,"method":"tools/call","request_id":26}
{"done_at":1786210762.954947,"request_id":26,"ok":true}
{"at":1786210769.217557,"method":"tools/call","request_id":27}
{"done_at":1786210769.394912,"request_id":27,"ok":true}
{"at":1786210772.522335,"method":"tools/call","request_id":28}
{"done_at":1786210772.581261,"request_id":28,"ok":true}
{"at":1786210779.611888,"method":"tools/call","request_id":29}
{"done_at":1786210779.838115,"request_id":29,"ok":true}
{"at":1786210784.197876,"method":"tools/call","request_id":30}
{"done_at":1786210784.258058,"request_id":30,"ok":true}
{"at":1786210792.440082,"method":"tools/call","request_id":31}
{"done_at":1786210792.625208,"request_id":31,"ok":true}
{"at":1786210798.327613,"method":"tools/call","request_id":32}
{"done_at":1786210798.377854,"request_id":32,"ok":true}
{"at":1786210804.606176,"method":"tools/call","request_id":33}
{"done_at":1786210805.137615,"request_id":33,"ok":true}
{"at":1786210810.342544,"method":"tools/call","request_id":34}
{"done_at":1786210810.402929,"request_id":34,"ok":true}
{"at":1786210822.198906,"method":"tools/call","request_id":35}
{"done_at":1786210822.403081,"request_id":35,"ok":true}
{"at":1786210826.169444,"method":"tools/call","request_id":36}
{"done_at":1786210826.216822,"request_id":36,"ok":true}
{"at":1786210833.996563,"method":"tools/call","request_id":37}
{"done_at":1786210834.423532,"request_id":37,"ok":true}
{"at":1786210838.951347,"method":"tools/call","request_id":38}
{"done_at":1786210839.000183,"request_id":38,"ok":true}
{"at":1786210847.794431,"method":"tools/call","request_id":39}
{"done_at":1786210847.961757,"request_id":39,"ok":true}
{"at":1786210852.485275,"method":"tools/call","request_id":40}
{"done_at":1786210852.52397,"request_id":40,"ok":true}
{"at":1786210867.194815,"method":"tools/call","request_id":41}
{"done_at":1786210867.367881,"request_id":41,"ok":true}
{"at":1786210870.928545,"method":"tools/call","request_id":42}
{"done_at":1786210870.996276,"request_id":42,"ok":true}
{"at":1786210877.393282,"method":"tools/call","request_id":43}
{"done_at":1786210877.820317,"request_id":43,"ok":true}
{"at":1786210882.457106,"method":"tools/call","request_id":44}
{"done_at":1786210882.523866,"request_id":44,"ok":true}
{"at":1786210889.134148,"method":"tools/call","request_id":45}
{"done_at":1786210889.410803,"request_id":45,"ok":true}
{"at":1786210894.284821,"method":"tools/call","request_id":46}
{"done_at":1786210894.354462,"request_id":46,"ok":true}
{"at":1786210900.053504,"method":"tools/call","request_id":47}
{"done_at":1786210900.236393,"request_id":47,"ok":true}
{"at":1786210904.498775,"method":"tools/call","request_id":48}
{"done_at":1786210904.56508,"request_id":48,"ok":true}
{"at":1786210912.617845,"method":"tools/call","request_id":49}
{"done_at":1786210912.78271,"request_id":49,"ok":true}
{"at":1786210920.311754,"method":"tools/call","request_id":50}
{"done_at":1786210920.366121,"request_id":50,"ok":true}
{"at":1786210926.579922,"method":"tools/call","request_id":51}
{"done_at":1786210926.782177,"request_id":51,"ok":true}
{"at":1786210930.33189,"method":"tools/call","request_id":52}
{"done_at":1786210930.38485,"request_id":52,"ok":true}
{"at":1786210936.495389,"method":"tools/call","request_id":53}
{"done_at":1786210936.727204,"request_id":53,"ok":true}
{"at":1786210940.416226,"method":"tools/call","request_id":54}
{"done_at":1786210940.476669,"request_id":54,"ok":true}
{"at":1786210946.62123,"method":"tools/call","request_id":55}
{"done_at":1786210946.815758,"request_id":55,"ok":true}
{"at":1786210950.914899,"method":"tools/call","request_id":56}
{"done_at":1786210950.96272,"request_id":56,"ok":true}
{"at":1786210966.117165,"method":"tools/call","request_id":57}
{"done_at":1786210966.293009,"request_id":57,"ok":true}
{"at":1786210970.851583,"method":"initialize","request_id":0}
{"done_at":1786210970.852192,"request_id":0,"ok":true}
{"at":1786210970.852839,"method":"notifications/initialized","request_id":null}
{"at":1786210970.853216,"method":"tools/list","request_id":1}
{"done_at":1786210970.853493,"request_id":1,"ok":true}
{"at":1786210982.02446,"method":"tools/call","request_id":2}
{"done_at":1786210982.192514,"request_id":2,"ok":true}
{"at":1786210986.300504,"method":"tools/call","request_id":3}
{"done_at":1786210986.358446,"request_id":3,"ok":true}
{"at":1786210996.773769,"method":"tools/call","request_id":4}
{"done_at":1786210996.996784,"request_id":4,"ok":true}
{"at":1786211002.857945,"method":"tools/call","request_id":5}
{"done_at":1786211002.916395,"request_id":5,"ok":true}
{"at":1786211011.602598,"method":"tools/call","request_id":6}
{"done_at":1786211011.809704,"request_id":6,"ok":true}
{"at":1786211019.931078,"method":"tools/call","request_id":7}
{"done_at":1786211019.978315,"request_id":7,"ok":true}
{"at":1786211026.879336,"method":"tools/call","request_id":8}
{"done_at":1786211027.096642,"request_id":8,"ok":true}
{"at":1786211030.549433,"method":"tools/call","request_id":9}
{"done_at":1786211030.616265,"request_id":9,"ok":true}
{"at":1786211037.965934,"method":"tools/call","request_id":10}
{"done_at":1786211038.19076,"request_id":10,"ok":true}
{"at":1786211041.546084,"method":"tools/call","request_id":11}
{"done_at":1786211041.596459,"request_id":11,"ok":true}
{"at":1786211047.669252,"method":"tools/call","request_id":12}
{"done_at":1786211047.872451,"request_id":12,"ok":true}
{"at":1786211050.82397,"method":"tools/call","request_id":13}
{"done_at":1786211050.888009,"request_id":13,"ok":true}
{"at":1786211057.513637,"method":"tools/call","request_id":14}
{"done_at":1786211057.682456,"request_id":14,"ok":true}
{"at":1786211068.256691,"method":"tools/call","request_id":15}
{"done_at":1786211068.304703,"request_id":15,"ok":true}
{"at":1786211079.897408,"method":"tools/call","request_id":16}
{"done_at":1786211080.108221,"request_id":16,"ok":true}
{"at":1786211091.06487,"method":"tools/call","request_id":17}
{"done_at":1786211091.312212,"request_id":17,"ok":true}
{"at":1786211094.580031,"method":"tools/call","request_id":18}
{"done_at":1786211094.649663,"request_id":18,"ok":true}
{"at":1786211106.77929,"method":"tools/call","request_id":19}
{"done_at":1786211106.955817,"request_id":19,"ok":true}
{"at":1786211109.72315,"method":"tools/call","request_id":20}
{"done_at":1786211109.782141,"request_id":20,"ok":true}
{"at":1786211120.58611,"method":"tools/call","request_id":21}
{"done_at":1786211120.755078,"request_id":21,"ok":true}
{"at":1786211124.187176,"method":"tools/call","request_id":22}
{"done_at":1786211124.250182,"request_id":22,"ok":true}
{"at":1786211134.025312,"method":"tools/call","request_id":23}
{"done_at":1786211134.212546,"request_id":23,"ok":true}
{"at":1786211140.853994,"method":"tools/call","request_id":24}
{"done_at":1786211141.300754,"request_id":24,"ok":true}
{"at":1786211146.182435,"method":"tools/call","request_id":25}
{"done_at":1786211146.408262,"request_id":25,"ok":true}
{"at":1786211153.809814,"method":"tools/call","request_id":26}
{"done_at":1786211153.85905,"request_id":26,"ok":true}
{"at":1786211159.905153,"method":"tools/call","request_id":27}
{"done_at":1786211160.151635,"request_id":27,"ok":true}
{"at":1786211167.402543,"method":"tools/call","request_id":28}
{"done_at":1786211167.45058,"request_id":28,"ok":true}
{"at":1786211182.282655,"method":"tools/call","request_id":29}
{"done_at":1786211182.690773,"request_id":29,"ok":true}
{"at":1786211189.746354,"method":"tools/call","request_id":30}
{"done_at":1786211189.947256,"request_id":30,"ok":true}
{"at":1786211199.790361,"method":"tools/call","request_id":31}
{"done_at":1786211199.997541,"request_id":31,"ok":true}
{"at":1786211207.248333,"method":"tools/call","request_id":32}
{"done_at":1786211207.477791,"request_id":32,"ok":true}
{"at":1786211214.403911,"method":"tools/call","request_id":33}
{"done_at":1786211214.629776,"request_id":33,"ok":true}
{"at":1786211218.949012,"method":"tools/call","request_id":34}
{"done_at":1786211218.999957,"request_id":34,"ok":true}
{"at":1786211224.734146,"method":"tools/call","request_id":35}
{"done_at":1786211224.937201,"request_id":35,"ok":true}
{"at":1786211231.474128,"method":"tools/call","request_id":36}
{"done_at":1786211231.656053,"request_id":36,"ok":true}
{"at":1786211238.469534,"method":"tools/call","request_id":37}
{"done_at":1786211238.806707,"request_id":37,"ok":true}
{"at":1786211246.402011,"method":"tools/call","request_id":38}
{"done_at":1786211246.619252,"request_id":38,"ok":true}
{"at":1786211251.35923,"method":"tools/call","request_id":39}
{"done_at":1786211251.556539,"request_id":39,"ok":true}
{"at":1786211256.498374,"method":"tools/call","request_id":40}
{"done_at":1786211256.547722,"request_id":40,"ok":true}
{"at":1786211263.580051,"method":"tools/call","request_id":41}
{"done_at":1786211263.778018,"request_id":41,"ok":true}
{"at":1786211270.458178,"method":"tools/call","request_id":42}
{"done_at":1786211270.510634,"request_id":42,"ok":true}
{"at":1786211278.712593,"method":"tools/call","request_id":43}
{"done_at":1786211278.878113,"request_id":43,"ok":true}
{"at":1786211282.773059,"method":"tools/call","request_id":44}
{"done_at":1786211282.82264,"request_id":44,"ok":true}
{"at":1786211291.087806,"method":"tools/call","request_id":45}
{"done_at":1786211291.333552,"request_id":45,"ok":true}
{"at":1786211296.706305,"method":"tools/call","request_id":46}
{"done_at":1786211296.76786,"request_id":46,"ok":true}
{"at":1786211303.120695,"method":"tools/call","request_id":47}
{"done_at":1786211303.287061,"request_id":47,"ok":true}
{"at":1786211306.727695,"method":"tools/call","request_id":48}
{"done_at":1786211306.792849,"request_id":48,"ok":true}
{"at":1786211315.495174,"method":"tools/call","request_id":49}
{"done_at":1786211315.70333,"request_id":49,"ok":true}
{"at":1786211320.882718,"method":"tools/call","request_id":50}
{"done_at":1786211320.952749,"request_id":50,"ok":true}
{"at":1786211328.072596,"method":"tools/call","request_id":51}
{"done_at":1786211328.336376,"request_id":51,"ok":true}
{"at":1786211333.923101,"method":"initialize","request_id":0}
{"done_at":1786211333.923661,"request_id":0,"ok":true}
{"at":1786211333.924299,"method":"notifications/initialized","request_id":null}
{"at":1786211333.924712,"method":"tools/list","request_id":1}
{"done_at":1786211333.925047,"request_id":1,"ok":true}
{"at":1786211349.57971,"method":"tools/call","request_id":2}
{"done_at":1786211350.018729,"request_id":2,"ok":true}
{"at":1786211359.165632,"method":"tools/call","request_id":3}
{"done_at":1786211359.392929,"request_id":3,"ok":true}
{"at":1786211365.631948,"method":"tools/call","request_id":4}
{"done_at":1786211365.861605,"request_id":4,"ok":true}
{"at":1786211372.118834,"method":"tools/call","request_id":5}
{"done_at":1786211372.22092,"request_id":5,"ok":true}
{"at":1786211379.823185,"method":"tools/call","request_id":6}
{"done_at":1786211380.018851,"request_id":6,"ok":true}
{"at":1786211386.052472,"method":"tools/call","request_id":7}
{"done_at":1786211386.127929,"request_id":7,"ok":true}
{"at":1786211395.673719,"method":"tools/call","request_id":8}
{"done_at":1786211395.911641,"request_id":8,"ok":true}
{"at":1786211399.89318,"method":"tools/call","request_id":9}
{"done_at":1786211399.961627,"request_id":9,"ok":true}
{"at":1786211409.97839,"method":"tools/call","request_id":10}
{"done_at":1786211410.223268,"request_id":10,"ok":true}
{"at":1786211415.623064,"method":"tools/call","request_id":11}
{"done_at":1786211415.684505,"request_id":11,"ok":true}
{"at":1786211421.400957,"method":"tools/call","request_id":12}
{"done_at":1786211421.608319,"request_id":12,"ok":true}
{"at":1786211432.214325,"method":"tools/call","request_id":13}
{"done_at":1786211432.288542,"request_id":13,"ok":true}
{"at":1786211440.348511,"method":"tools/call","request_id":14}
{"done_at":1786211440.585463,"request_id":14,"ok":true}
{"at":1786211445.617269,"method":"tools/call","request_id":15}
{"done_at":1786211445.665866,"request_id":15,"ok":true}
{"at":1786211456.543538,"method":"tools/call","request_id":16}
{"done_at":1786211457.07685,"request_id":16,"ok":true}
{"at":1786211462.767367,"method":"tools/call","request_id":17}
{"done_at":1786211462.833146,"request_id":17,"ok":true}
{"at":1786211469.371605,"method":"tools/call","request_id":18}
{"done_at":1786211469.602795,"request_id":18,"ok":true}
{"at":1786211477.664526,"method":"tools/call","request_id":19}
{"done_at":1786211477.713222,"request_id":19,"ok":true}
{"at":1786211488.756958,"method":"tools/call","request_id":20}
{"done_at":1786211489.033474,"request_id":20,"ok":true}
{"at":1786211498.575222,"method":"tools/call","request_id":21}
{"done_at":1786211498.790632,"request_id":21,"ok":true}
{"at":1786211505.038211,"method":"tools/call","request_id":22}
{"done_at":1786211505.121782,"request_id":22,"ok":true}
{"at":1786211511.76023,"method":"tools/call","request_id":23}
{"done_at":1786211511.997379,"request_id":23,"ok":true}
{"at":1786211517.808124,"method":"tools/call","request_id":24}
{"done_at":1786211518.052787,"request_id":24,"ok":true}
{"at":1786211523.184285,"method":"tools/call","request_id":25}
{"done_at":1786211523.239142,"request_id":25,"ok":true}
{"at":1786211532.753033,"method":"tools/call","request_id":26}
{"done_at":1786211532.951512,"request_id":26,"ok":true}
{"at":1786211539.512816,"method":"tools/call","request_id":27}
{"done_at":1786211539.560628,"request_id":27,"ok":true}
{"at":1786211544.948065,"method":"tools/call","request_id":28}
{"done_at":1786211545.228879,"request_id":28,"ok":true}
{"at":1786211549.185552,"method":"tools/call","request_id":29}
{"done_at":1786211549.231845,"request_id":29,"ok":true}
{"at":1786211554.34496,"method":"tools/call","request_id":30}
{"done_at":1786211554.588254,"request_id":30,"ok":true}
{"at":1786211560.044969,"method":"tools/call","request_id":31}
{"done_at":1786211560.116484,"request_id":31,"ok":true}
{"at":1786211568.142619,"method":"tools/call","request_id":32}
{"done_at":1786211568.388351,"request_id":32,"ok":true}
{"at":1786211574.653795,"method":"tools/call","request_id":33}
{"done_at":1786211574.923159,"request_id":33,"ok":true}
{"at":1786211580.781019,"method":"tools/call","request_id":34}
{"done_at":1786211580.842705,"request_id":34,"ok":true}
{"at":1786211587.977357,"method":"tools/call","request_id":35}
{"done_at":1786211588.49774,"request_id":35,"ok":true}
{"at":1786211594.360024,"method":"tools/call","request_id":36}
{"done_at":1786211594.619381,"request_id":36,"ok":true}
{"at":1786211606.382663,"method":"tools/call","request_id":37}
{"done_at":1786211606.607785,"request_id":37,"ok":true}
{"at":1786211613.468325,"method":"tools/call","request_id":38}
{"done_at":1786211613.674332,"request_id":38,"ok":true}
{"at":1786211620.95952,"method":"tools/call","request_id":39}
{"done_at":1786211621.190085,"request_id":39,"ok":true}
{"at":1786211628.03806,"method":"tools/call","request_id":40}
{"done_at":1786211628.27098,"request_id":40,"ok":true}
{"at":1786211637.226033,"method":"tools/call","request_id":41}
{"done_at":1786211637.451926,"request_id":41,"ok":true}
{"at":1786211642.252902,"method":"tools/call","request_id":42}
{"done_at":1786211642.314765,"request_id":42,"ok":true}
{"at":1786211647.824809,"method":"tools/call","request_id":43}
{"done_at":1786211648.03534,"request_id":43,"ok":true}
{"at":1786211656.785184,"method":"tools/call","request_id":44}
{"done_at":1786211656.832738,"request_id":44,"ok":true}
{"at":1786211664.800587,"method":"tools/call","request_id":45}
{"done_at":1786211665.008123,"request_id":45,"ok":true}
{"at":1786211671.107839,"method":"tools/call","request_id":46}
{"done_at":1786211671.343026,"request_id":46,"ok":true}
{"at":1786211677.255057,"method":"tools/call","request_id":47}
{"done_at":1786211677.458487,"request_id":47,"ok":true}
{"at":1786211685.288218,"method":"tools/call","request_id":48}
{"done_at":1786211685.526924,"request_id":48,"ok":true}
{"at":1786211690.612732,"method":"initialize","request_id":0}
{"done_at":1786211690.613484,"request_id":0,"ok":true}
{"at":1786211690.614318,"method":"notifications/initialized","request_id":null}
{"at":1786211690.614873,"method":"tools/list","request_id":1}
{"done_at":1786211690.615295,"request_id":1,"ok":true}
{"at":1786211701.095064,"method":"tools/call","request_id":2}
{"done_at":1786211701.298453,"request_id":2,"ok":true}
{"at":1786211704.849229,"method":"tools/call","request_id":3}
{"done_at":1786211704.917568,"request_id":3,"ok":true}
{"at":1786211720.587326,"method":"tools/call","request_id":4}
{"done_at":1786211721.011026,"request_id":4,"ok":true}
{"at":1786211724.351883,"method":"tools/call","request_id":5}
{"done_at":1786211724.414697,"request_id":5,"ok":true}
{"at":1786211736.548518,"method":"tools/call","request_id":6}
{"done_at":1786211736.784741,"request_id":6,"ok":true}
{"at":1786211748.503465,"method":"tools/call","request_id":7}
{"done_at":1786211748.699178,"request_id":7,"ok":true}
{"at":1786211758.077705,"method":"tools/call","request_id":8}
{"done_at":1786211758.282719,"request_id":8,"ok":true}
{"at":1786211767.857454,"method":"tools/call","request_id":9}
{"done_at":1786211768.123208,"request_id":9,"ok":true}
{"at":1786211771.392704,"method":"tools/call","request_id":10}
{"done_at":1786211771.450075,"request_id":10,"ok":true}
{"at":1786211781.478213,"method":"tools/call","request_id":11}
{"done_at":1786211781.681453,"request_id":11,"ok":true}
{"at":1786211786.010366,"method":"tools/call","request_id":12}
{"done_at":1786211786.059476,"request_id":12,"ok":true}
{"at":1786211797.082391,"method":"tools/call","request_id":13}
{"done_at":1786211797.269336,"request_id":13,"ok":true}
{"at":1786211800.483787,"method":"tools/call","request_id":14}
{"done_at":1786211800.535024,"request_id":14,"ok":true}
{"at":1786211808.416018,"method":"tools/call","request_id":15}
{"done_at":1786211808.591415,"request_id":15,"ok":true}
{"at":1786211812.092761,"method":"tools/call","request_id":16}
{"done_at":1786211812.142158,"request_id":16,"ok":true}
{"at":1786211819.84044,"method":"tools/call","request_id":17}
{"done_at":1786211820.014422,"request_id":17,"ok":true}
{"at":1786211824.825261,"method":"tools/call","request_id":18}
{"done_at":1786211824.876078,"request_id":18,"ok":true}
{"at":1786211834.119029,"method":"tools/call","request_id":19}
{"done_at":1786211834.298543,"request_id":19,"ok":true}
{"at":1786211846.367242,"method":"tools/call","request_id":20}
{"done_at":1786211846.431664,"request_id":20,"ok":true}
{"at":1786211856.838666,"method":"tools/call","request_id":21}
{"done_at":1786211857.064122,"request_id":21,"ok":true}
{"at":1786211864.794877,"method":"tools/call","request_id":22}
{"done_at":1786211864.980327,"request_id":22,"ok":true}
{"at":1786211870.308555,"method":"tools/call","request_id":23}
{"done_at":1786211870.526594,"request_id":23,"ok":true}
{"at":1786211877.538075,"method":"tools/call","request_id":24}
{"done_at":1786211877.759037,"request_id":24,"ok":true}
{"at":1786211884.646437,"method":"tools/call","request_id":25}
{"done_at":1786211884.818671,"request_id":25,"ok":true}
{"at":1786211890.968072,"method":"tools/call","request_id":26}
{"done_at":1786211891.033279,"request_id":26,"ok":true}
{"at":1786211899.817054,"method":"tools/call","request_id":27}
{"done_at":1786211899.982296,"request_id":27,"ok":true}
{"at":1786211908.252709,"method":"tools/call","request_id":28}
{"done_at":1786211908.562477,"request_id":28,"ok":true}
{"at":1786211916.045196,"method":"tools/call","request_id":29}
{"done_at":1786211916.100522,"request_id":29,"ok":true}
{"at":1786211924.150342,"method":"tools/call","request_id":30}
{"done_at":1786211924.343154,"request_id":30,"ok":true}
{"at":1786211929.489045,"method":"tools/call","request_id":31}
{"done_at":1786211929.699358,"request_id":31,"ok":true}
{"at":1786211937.89176,"method":"tools/call","request_id":32}
{"done_at":1786211938.112151,"request_id":32,"ok":true}
{"at":1786211941.920146,"method":"tools/call","request_id":33}
{"done_at":1786211941.970904,"request_id":33,"ok":true}
{"at":1786211952.260264,"method":"tools/call","request_id":34}
{"done_at":1786211952.488134,"request_id":34,"ok":true}
{"at":1786211955.926521,"method":"tools/call","request_id":35}
{"done_at":1786211955.979194,"request_id":35,"ok":true}
{"at":1786211965.092185,"method":"tools/call","request_id":36}
{"done_at":1786211965.283872,"request_id":36,"ok":true}
{"at":1786211969.6153,"method":"tools/call","request_id":37}
{"done_at":1786211969.671063,"request_id":37,"ok":true}
{"at":1786211979.0272,"method":"tools/call","request_id":38}
{"done_at":1786211979.423466,"request_id":38,"ok":true}
{"at":1786211982.693957,"method":"tools/call","request_id":39}
{"done_at":1786211982.75643,"request_id":39,"ok":true}
{"at":1786211994.566427,"method":"tools/call","request_id":40}
{"done_at":1786211994.770208,"request_id":40,"ok":true}
{"at":1786212002.683918,"method":"tools/call","request_id":41}
{"done_at":1786212002.733122,"request_id":41,"ok":true}
{"at":1786212013.148423,"method":"tools/call","request_id":42}
{"done_at":1786212013.328623,"request_id":42,"ok":true}
{"at":1786212019.140447,"method":"tools/call","request_id":43}
{"done_at":1786212019.184919,"request_id":43,"ok":true}
{"at":1786212030.306395,"method":"tools/call","request_id":44}
{"done_at":1786212030.511857,"request_id":44,"ok":true}
{"at":1786212033.511054,"method":"tools/call","request_id":45}
{"done_at":1786212033.568028,"request_id":45,"ok":true}
{"at":1786212040.048132,"method":"tools/call","request_id":46}
{"done_at":1786212040.217625,"request_id":46,"ok":true}
{"at":1786212044.038562,"method":"tools/call","request_id":47}
{"done_at":1786212044.088205,"request_id":47,"ok":true}
{"at":1786212054.179912,"method":"tools/call","request_id":48}
{"done_at":1786212054.407138,"request_id":48,"ok":true}
{"at":1786212058.161033,"method":"tools/call","request_id":49}
{"done_at":1786212058.208414,"request_id":49,"ok":true}
{"at":1786212068.692266,"method":"tools/call","request_id":50}
{"done_at":1786212068.900941,"request_id":50,"ok":true}
{"at":1786212073.979898,"method":"tools/call","request_id":51}
{"done_at":1786212074.052187,"request_id":51,"ok":true}
{"at":1786212087.603898,"method":"tools/call","request_id":52}
{"done_at":1786212087.777364,"request_id":52,"ok":true}
{"at":1786212094.792933,"method":"initialize","request_id":0}
{"done_at":1786212094.793384,"request_id":0,"ok":true}
{"at":1786212094.793954,"method":"notifications/initialized","request_id":null}
{"at":1786212094.794263,"method":"tools/list","request_id":1}
{"done_at":1786212094.794503,"request_id":1,"ok":true}
{"at":1786212105.742782,"method":"tools/call","request_id":2}
{"done_at":1786212105.924531,"request_id":2,"ok":true}
{"at":1786212109.421838,"method":"tools/call","request_id":3}
{"done_at":1786212109.51035,"request_id":3,"ok":true}
{"at":1786212118.653311,"method":"tools/call","request_id":4}
{"done_at":1786212118.820564,"request_id":4,"ok":true}
{"at":1786212121.941182,"method":"tools/call","request_id":5}
{"done_at":1786212122.00139,"request_id":5,"ok":true}
{"at":1786212131.819282,"method":"tools/call","request_id":6}
{"done_at":1786212131.997258,"request_id":6,"ok":true}
{"at":1786212134.955876,"method":"tools/call","request_id":7}
{"done_at":1786212135.007042,"request_id":7,"ok":true}
{"at":1786212144.313314,"method":"tools/call","request_id":8}
{"done_at":1786212144.482929,"request_id":8,"ok":true}
{"at":1786212150.038846,"method":"tools/call","request_id":9}
{"done_at":1786212150.091549,"request_id":9,"ok":true}
{"at":1786212162.599512,"method":"tools/call","request_id":10}
{"done_at":1786212162.788099,"request_id":10,"ok":true}
{"at":1786212167.541118,"method":"tools/call","request_id":11}
{"done_at":1786212167.590189,"request_id":11,"ok":true}
{"at":1786212175.333501,"method":"tools/call","request_id":12}
{"done_at":1786212175.560226,"request_id":12,"ok":true}
{"at":1786212183.5253,"method":"tools/call","request_id":13}
{"done_at":1786212183.733668,"request_id":13,"ok":true}
{"at":1786212187.905135,"method":"tools/call","request_id":14}
{"done_at":1786212187.958551,"request_id":14,"ok":true}
{"at":1786212197.205986,"method":"tools/call","request_id":15}
{"done_at":1786212197.625427,"request_id":15,"ok":true}
{"at":1786212202.442968,"method":"tools/call","request_id":16}
{"done_at":1786212202.511896,"request_id":16,"ok":true}
{"at":1786212210.682778,"method":"tools/call","request_id":17}
{"done_at":1786212210.888678,"request_id":17,"ok":true}
{"at":1786212214.208416,"method":"tools/call","request_id":18}
{"done_at":1786212214.263564,"request_id":18,"ok":true}
{"at":1786212222.252068,"method":"tools/call","request_id":19}
{"done_at":1786212222.460685,"request_id":19,"ok":true}
{"at":1786212225.494806,"method":"tools/call","request_id":20}
{"done_at":1786212225.541922,"request_id":20,"ok":true}
{"at":1786212235.353134,"method":"tools/call","request_id":21}
{"done_at":1786212235.584736,"request_id":21,"ok":true}
{"at":1786212238.397967,"method":"tools/call","request_id":22}
{"done_at":1786212238.456891,"request_id":22,"ok":true}
{"at":1786212245.568778,"method":"tools/call","request_id":23}
{"done_at":1786212245.766661,"request_id":23,"ok":true}
{"at":1786212249.144522,"method":"tools/call","request_id":24}
{"done_at":1786212249.202121,"request_id":24,"ok":true}
{"at":1786212256.857175,"method":"tools/call","request_id":25}
{"done_at":1786212257.082268,"request_id":25,"ok":true}
{"at":1786212260.857441,"method":"tools/call","request_id":26}
{"done_at":1786212260.907137,"request_id":26,"ok":true}
{"at":1786212268.72614,"method":"tools/call","request_id":27}
{"done_at":1786212268.893665,"request_id":27,"ok":true}
{"at":1786212272.606616,"method":"tools/call","request_id":28}
{"done_at":1786212272.67847,"request_id":28,"ok":true}
{"at":1786212280.44422,"method":"tools/call","request_id":29}
{"done_at":1786212280.771807,"request_id":29,"ok":true}
{"at":1786212284.293321,"method":"tools/call","request_id":30}
{"done_at":1786212284.346253,"request_id":30,"ok":true}
{"at":1786212292.001295,"method":"tools/call","request_id":31}
{"done_at":1786212292.485005,"request_id":31,"ok":true}
{"at":1786212296.537333,"method":"tools/call","request_id":32}
{"done_at":1786212296.595906,"request_id":32,"ok":true}
{"at":1786212305.630507,"method":"tools/call","request_id":33}
{"done_at":1786212305.827757,"request_id":33,"ok":true}
{"at":1786212309.697602,"method":"tools/call","request_id":34}
{"done_at":1786212309.753762,"request_id":34,"ok":true}
{"at":1786212316.888618,"method":"tools/call","request_id":35}
{"done_at":1786212317.366649,"request_id":35,"ok":true}
{"at":1786212321.222207,"method":"tools/call","request_id":36}
{"done_at":1786212321.271951,"request_id":36,"ok":true}
{"at":1786212331.197927,"method":"tools/call","request_id":37}
{"done_at":1786212331.404138,"request_id":37,"ok":true}
{"at":1786212337.0019,"method":"tools/call","request_id":38}
{"done_at":1786212337.2113,"request_id":38,"ok":true}
{"at":1786212341.362502,"method":"tools/call","request_id":39}
{"done_at":1786212341.405392,"request_id":39,"ok":true}
{"at":1786212349.349928,"method":"tools/call","request_id":40}
{"done_at":1786212349.512077,"request_id":40,"ok":true}
{"at":1786212353.195139,"method":"tools/call","request_id":41}
{"done_at":1786212353.267662,"request_id":41,"ok":true}
{"at":1786212362.565431,"method":"tools/call","request_id":42}
{"done_at":1786212362.722725,"request_id":42,"ok":true}
{"at":1786212368.183513,"method":"tools/call","request_id":43}
{"done_at":1786212368.24839,"request_id":43,"ok":true}
{"at":1786212378.401999,"method":"tools/call","request_id":44}
{"done_at":1786212378.598458,"request_id":44,"ok":true}
{"at":1786212382.589548,"method":"tools/call","request_id":45}
{"done_at":1786212382.638207,"request_id":45,"ok":true}
{"at":1786212393.088331,"method":"tools/call","request_id":46}
{"done_at":1786212393.264823,"request_id":46,"ok":true}
{"at":1786212399.850387,"method":"tools/call","request_id":47}
{"done_at":1786212399.902845,"request_id":47,"ok":true}
{"at":1786212406.36778,"method":"tools/call","request_id":48}
{"done_at":1786212406.536927,"request_id":48,"ok":true}
{"at":1786212416.105576,"method":"tools/call","request_id":49}
{"done_at":1786212416.310743,"request_id":49,"ok":true}
{"at":1786212423.388601,"method":"tools/call","request_id":50}
{"done_at":1786212423.435547,"request_id":50,"ok":true}
{"at":1786212430.553359,"method":"tools/call","request_id":51}
{"done_at":1786212430.730704,"request_id":51,"ok":true}
{"at":1786212436.650814,"method":"tools/call","request_id":52}
{"done_at":1786212436.817914,"request_id":52,"ok":true}
{"at":1786212440.848117,"method":"tools/call","request_id":53}
{"done_at":1786212440.909207,"request_id":53,"ok":true}
{"at":1786212447.050471,"method":"tools/call","request_id":54}
{"done_at":1786212447.266629,"request_id":54,"ok":true}
{"at":1786212453.115109,"method":"tools/call","request_id":55}
{"done_at":1786212453.176322,"request_id":55,"ok":true}
{"at":1786212462.648195,"method":"tools/call","request_id":56}
{"done_at":1786212462.838435,"request_id":56,"ok":true}
{"at":1786212469.933347,"method":"tools/call","request_id":57}
{"done_at":1786212469.986502,"request_id":57,"ok":true}
{"at":1786212477.129169,"method":"tools/call","request_id":58}
{"done_at":1786212477.300169,"request_id":58,"ok":true}
{"at":1786212482.370867,"method":"initialize","request_id":0}
{"done_at":1786212482.371326,"request_id":0,"ok":true}
{"at":1786212482.37197,"method":"notifications/initialized","request_id":null}
{"at":1786212482.372311,"method":"tools/list","request_id":1}
{"done_at":1786212482.372579,"request_id":1,"ok":true}
{"at":1786212496.993142,"method":"tools/call","request_id":2}
{"done_at":1786212497.164307,"request_id":2,"ok":true}
{"at":1786212503.323698,"method":"tools/call","request_id":3}
{"done_at":1786212503.522178,"request_id":3,"ok":true}
{"at":1786212517.833467,"method":"tools/call","request_id":4}
{"done_at":1786212518.013587,"request_id":4,"ok":true}
{"at":1786212523.473361,"method":"tools/call","request_id":5}
{"done_at":1786212523.600902,"request_id":5,"ok":true}
{"at":1786212530.31253,"method":"tools/call","request_id":6}
{"done_at":1786212530.501398,"request_id":6,"ok":true}
{"at":1786212537.842966,"method":"tools/call","request_id":7}
{"done_at":1786212537.898524,"request_id":7,"ok":true}
{"at":1786212544.458622,"method":"tools/call","request_id":8}
{"done_at":1786212544.828372,"request_id":8,"ok":true}
{"at":1786212552.294515,"method":"tools/call","request_id":9}
{"done_at":1786212552.485141,"request_id":9,"ok":true}
{"at":1786212559.860443,"method":"tools/call","request_id":10}
{"done_at":1786212559.911218,"request_id":10,"ok":true}
{"at":1786212565.730586,"method":"tools/call","request_id":11}
{"done_at":1786212565.927213,"request_id":11,"ok":true}
{"at":1786212573.390142,"method":"tools/call","request_id":12}
{"done_at":1786212573.439406,"request_id":12,"ok":true}
{"at":1786212584.127098,"method":"tools/call","request_id":13}
{"done_at":1786212584.351954,"request_id":13,"ok":true}
{"at":1786212591.166505,"method":"tools/call","request_id":14}
{"done_at":1786212591.338165,"request_id":14,"ok":true}
{"at":1786212596.229887,"method":"tools/call","request_id":15}
{"done_at":1786212596.642259,"request_id":15,"ok":true}
{"at":1786212601.592939,"method":"tools/call","request_id":16}
{"done_at":1786212601.793199,"request_id":16,"ok":true}
{"at":1786212610.041694,"method":"tools/call","request_id":17}
{"done_at":1786212610.277696,"request_id":17,"ok":true}
{"at":1786212614.646359,"method":"tools/call","request_id":18}
{"done_at":1786212614.697024,"request_id":18,"ok":true}
{"at":1786212622.432877,"method":"tools/call","request_id":19}
{"done_at":1786212622.639053,"request_id":19,"ok":true}
{"at":1786212627.973478,"method":"tools/call","request_id":20}
{"done_at":1786212628.04721,"request_id":20,"ok":true}
{"at":1786212636.386828,"method":"tools/call","request_id":21}
{"done_at":1786212636.545735,"request_id":21,"ok":true}
{"at":1786212643.106004,"method":"tools/call","request_id":22}
{"done_at":1786212643.161615,"request_id":22,"ok":true}
{"at":1786212649.824933,"method":"tools/call","request_id":23}
{"done_at":1786212650.038278,"request_id":23,"ok":true}
{"at":1786212654.987374,"method":"tools/call","request_id":24}
{"done_at":1786212655.050817,"request_id":24,"ok":true}
{"at":1786212660.685924,"method":"tools/call","request_id":25}
{"done_at":1786212660.881363,"request_id":25,"ok":true}
{"at":1786212663.927467,"method":"tools/call","request_id":26}
{"done_at":1786212663.980262,"request_id":26,"ok":true}
{"at":1786212669.867796,"method":"tools/call","request_id":27}
{"done_at":1786212670.04348,"request_id":27,"ok":true}
{"at":1786212676.605297,"method":"tools/call","request_id":28}
{"done_at":1786212676.662646,"request_id":28,"ok":true}
{"at":1786212688.042375,"method":"tools/call","request_id":29}
{"done_at":1786212688.442983,"request_id":29,"ok":true}
{"at":1786212692.387252,"method":"tools/call","request_id":30}
{"done_at":1786212692.43832,"request_id":30,"ok":true}
{"at":1786212699.091967,"method":"tools/call","request_id":31}
{"done_at":1786212699.283427,"request_id":31,"ok":true}
{"at":1786212705.488193,"method":"tools/call","request_id":32}
{"done_at":1786212705.536956,"request_id":32,"ok":true}
{"at":1786212711.5516,"method":"tools/call","request_id":33}
{"done_at":1786212711.977934,"request_id":33,"ok":true}
{"at":1786212716.049624,"method":"tools/call","request_id":34}
{"done_at":1786212716.104701,"request_id":34,"ok":true}
{"at":1786212725.497227,"method":"tools/call","request_id":35}
{"done_at":1786212725.700869,"request_id":35,"ok":true}
{"at":1786212732.73049,"method":"tools/call","request_id":36}
{"done_at":1786212733.134754,"request_id":36,"ok":true}
{"at":1786212742.386258,"method":"tools/call","request_id":37}
{"done_at":1786212742.567358,"request_id":37,"ok":true}
{"at":1786212751.234824,"method":"tools/call","request_id":38}
{"done_at":1786212751.456938,"request_id":38,"ok":true}
{"at":1786212757.053755,"method":"tools/call","request_id":39}
{"done_at":1786212757.11553,"request_id":39,"ok":true}
{"at":1786212762.816834,"method":"tools/call","request_id":40}
{"done_at":1786212763.018004,"request_id":40,"ok":true}
{"at":1786212766.356195,"method":"tools/call","request_id":41}
{"done_at":1786212766.399578,"request_id":41,"ok":true}
{"at":1786212774.511552,"method":"tools/call","request_id":42}
{"done_at":1786212774.680425,"request_id":42,"ok":true}
{"at":1786212779.806407,"method":"tools/call","request_id":43}
{"done_at":1786212779.863013,"request_id":43,"ok":true}
{"at":1786212785.993904,"method":"tools/call","request_id":44}
{"done_at":1786212786.171343,"request_id":44,"ok":true}
{"at":1786212790.015045,"method":"tools/call","request_id":45}
{"done_at":1786212790.067824,"request_id":45,"ok":true}
{"at":1786212798.038303,"method":"tools/call","request_id":46}
{"done_at":1786212798.212951,"request_id":46,"ok":true}
{"at":1786212802.073846,"method":"tools/call","request_id":47}
{"done_at":1786212802.136848,"request_id":47,"ok":true}
{"at":1786212807.98015,"method":"tools/call","request_id":48}
{"done_at":1786212808.188582,"request_id":48,"ok":true}
{"at":1786212812.565052,"method":"tools/call","request_id":49}
{"done_at":1786212812.62203,"request_id":49,"ok":true}
{"at":1786212818.247418,"method":"tools/call","request_id":50}
{"done_at":1786212818.420794,"request_id":50,"ok":true}
{"at":1786212825.200395,"method":"tools/call","request_id":51}
{"done_at":1786212825.253928,"request_id":51,"ok":true}
{"at":1786212832.430064,"method":"tools/call","request_id":52}
{"done_at":1786212832.639674,"request_id":52,"ok":true}
{"at":1786212837.379922,"method":"initialize","request_id":0}
{"done_at":1786212837.380423,"request_id":0,"ok":true}
{"at":1786212837.381076,"method":"notifications/initialized","request_id":null}
{"at":1786212837.381418,"method":"tools/list","request_id":1}
{"done_at":1786212837.381682,"request_id":1,"ok":true}
{"at":1786212848.780462,"method":"tools/call","request_id":2}
{"done_at":1786212849.024706,"request_id":2,"ok":true}
{"at":1786212858.362179,"method":"tools/call","request_id":3}
{"done_at":1786212858.580351,"request_id":3,"ok":true}
{"at":1786212858.613865,"method":"tools/call","request_id":4}
{"done_at":1786212858.785123,"request_id":4,"ok":true}
{"at":1786212865.909806,"method":"tools/call","request_id":5}
{"done_at":1786212865.967314,"request_id":5,"ok":true}
{"at":1786212872.181839,"method":"tools/call","request_id":6}
{"done_at":1786212872.35828,"request_id":6,"ok":true}
{"at":1786212877.32227,"method":"tools/call","request_id":7}
{"done_at":1786212877.545273,"request_id":7,"ok":true}
{"at":1786212883.058878,"method":"tools/call","request_id":8}
{"done_at":1786212883.106863,"request_id":8,"ok":true}
{"at":1786212898.654732,"method":"tools/call","request_id":9}
{"done_at":1786212898.830881,"request_id":9,"ok":true}
{"at":1786212904.150894,"method":"tools/call","request_id":10}
{"done_at":1786212904.608371,"request_id":10,"ok":true}
{"at":1786212910.016783,"method":"tools/call","request_id":11}
{"done_at":1786212910.209475,"request_id":11,"ok":true}
{"at":1786212913.617932,"method":"tools/call","request_id":12}
{"done_at":1786212913.683271,"request_id":12,"ok":true}
{"at":1786212920.855975,"method":"tools/call","request_id":13}
{"done_at":1786212921.028664,"request_id":13,"ok":true}
{"at":1786212923.897693,"method":"tools/call","request_id":14}
{"done_at":1786212923.953351,"request_id":14,"ok":true}
{"at":1786212929.362834,"method":"tools/call","request_id":15}
{"done_at":1786212929.537525,"request_id":15,"ok":true}
{"at":1786212932.362947,"method":"tools/call","request_id":16}
{"done_at":1786212932.422853,"request_id":16,"ok":true}
{"at":1786212938.370849,"method":"tools/call","request_id":17}
{"done_at":1786212938.56318,"request_id":17,"ok":true}
{"at":1786212943.494178,"method":"tools/call","request_id":18}
{"done_at":1786212943.545028,"request_id":18,"ok":true}
{"at":1786212953.597359,"method":"tools/call","request_id":19}
{"done_at":1786212953.760164,"request_id":19,"ok":true}
{"at":1786212956.987596,"method":"tools/call","request_id":20}
{"done_at":1786212957.051911,"request_id":20,"ok":true}
{"at":1786212969.207818,"method":"tools/call","request_id":21}
{"done_at":1786212969.39449,"request_id":21,"ok":true}
{"at":1786212975.54502,"method":"tools/call","request_id":22}
{"done_at":1786212975.589283,"request_id":22,"ok":true}
{"at":1786212980.643269,"method":"tools/call","request_id":23}
{"done_at":1786212980.838256,"request_id":23,"ok":true}
{"at":1786212985.169654,"method":"tools/call","request_id":24}
{"done_at":1786212985.226984,"request_id":24,"ok":true}
{"at":1786212992.034114,"method":"tools/call","request_id":25}
{"done_at":1786212992.24735,"request_id":25,"ok":true}
{"at":1786212997.129468,"method":"tools/call","request_id":26}
{"done_at":1786212997.192665,"request_id":26,"ok":true}
{"at":1786213006.904036,"method":"tools/call","request_id":27}
{"done_at":1786213007.076974,"request_id":27,"ok":true}
{"at":1786213013.676317,"method":"tools/call","request_id":28}
{"done_at":1786213013.933312,"request_id":28,"ok":true}
{"at":1786213019.158865,"method":"tools/call","request_id":29}
{"done_at":1786213019.367493,"request_id":29,"ok":true}
{"at":1786213023.630549,"method":"tools/call","request_id":30}
{"done_at":1786213023.678183,"request_id":30,"ok":true}
{"at":1786213029.614976,"method":"tools/call","request_id":31}
{"done_at":1786213029.803744,"request_id":31,"ok":true}
{"at":1786213035.286229,"method":"tools/call","request_id":32}
{"done_at":1786213035.527806,"request_id":32,"ok":true}
{"at":1786213041.856785,"method":"tools/call","request_id":33}
{"done_at":1786213042.113938,"request_id":33,"ok":true}
{"at":1786213047.892916,"method":"tools/call","request_id":34}
{"done_at":1786213048.104527,"request_id":34,"ok":true}
{"at":1786213055.036878,"method":"tools/call","request_id":35}
{"done_at":1786213055.271883,"request_id":35,"ok":true}
{"at":1786213060.918742,"method":"tools/call","request_id":36}
{"done_at":1786213060.968607,"request_id":36,"ok":true}
{"at":1786213072.102527,"method":"tools/call","request_id":37}
{"done_at":1786213072.324945,"request_id":37,"ok":true}
{"at":1786213077.476996,"method":"tools/call","request_id":38}
{"done_at":1786213077.543832,"request_id":38,"ok":true}
{"at":1786213089.703714,"method":"tools/call","request_id":39}
{"done_at":1786213089.897627,"request_id":39,"ok":true}
{"at":1786213094.486969,"method":"tools/call","request_id":40}
{"done_at":1786213094.538011,"request_id":40,"ok":true}
{"at":1786213103.187083,"method":"tools/call","request_id":41}
{"done_at":1786213103.367063,"request_id":41,"ok":true}
{"at":1786213110.605148,"method":"tools/call","request_id":42}
{"done_at":1786213110.855435,"request_id":42,"ok":true}
{"at":1786213114.476838,"method":"tools/call","request_id":43}
{"done_at":1786213114.536177,"request_id":43,"ok":true}
{"at":1786213122.035004,"method":"tools/call","request_id":44}
{"done_at":1786213122.212292,"request_id":44,"ok":true}
{"at":1786213131.593093,"method":"tools/call","request_id":45}
{"done_at":1786213131.77434,"request_id":45,"ok":true}
{"at":1786213137.222521,"method":"tools/call","request_id":46}
{"done_at":1786213137.45334,"request_id":46,"ok":true}
{"at":1786213142.468963,"method":"tools/call","request_id":47}
{"done_at":1786213142.528525,"request_id":47,"ok":true}
{"at":1786213157.136278,"method":"tools/call","request_id":48}
{"done_at":1786213157.340033,"request_id":48,"ok":true}
{"at":1786213164.004875,"method":"tools/call","request_id":49}
{"done_at":1786213164.061009,"request_id":49,"ok":true}
{"at":1786213173.105391,"method":"tools/call","request_id":50}
{"done_at":1786213173.319742,"request_id":50,"ok":true}
{"at":1786213180.143219,"method":"initialize","request_id":0}
{"done_at":1786213180.143911,"request_id":0,"ok":true}
{"at":1786213180.14491,"method":"notifications/initialized","request_id":null}
{"at":1786213180.14543,"method":"tools/list","request_id":1}
{"done_at":1786213180.145821,"request_id":1,"ok":true}
{"at":1786213190.892305,"method":"tools/call","request_id":2}
{"done_at":1786213191.392214,"request_id":2,"ok":true}
{"at":1786213203.817548,"method":"tools/call","request_id":3}
{"done_at":1786213204.03176,"request_id":3,"ok":true}
{"at":1786213211.051848,"method":"tools/call","request_id":4}
{"done_at":1786213211.300368,"request_id":4,"ok":true}
{"at":1786213216.450654,"method":"tools/call","request_id":5}
{"done_at":1786213216.638904,"request_id":5,"ok":true}
{"at":1786213222.482573,"method":"tools/call","request_id":6}
{"done_at":1786213222.703826,"request_id":6,"ok":true}
{"at":1786213231.324807,"method":"tools/call","request_id":7}
{"done_at":1786213231.64934,"request_id":7,"ok":true}
{"at":1786213238.846798,"method":"tools/call","request_id":8}
{"done_at":1786213239.049299,"request_id":8,"ok":true}
{"at":1786213245.854865,"method":"tools/call","request_id":9}
{"done_at":1786213246.315292,"request_id":9,"ok":true}
{"at":1786213250.536518,"method":"tools/call","request_id":10}
{"done_at":1786213250.613606,"request_id":10,"ok":true}
{"at":1786213259.979206,"method":"tools/call","request_id":11}
{"done_at":1786213260.20368,"request_id":11,"ok":true}
{"at":1786213267.220916,"method":"tools/call","request_id":12}
{"done_at":1786213267.668384,"request_id":12,"ok":true}
{"at":1786213277.132037,"method":"tools/call","request_id":13}
{"done_at":1786213277.315784,"request_id":13,"ok":true}
{"at":1786213282.973992,"method":"tools/call","request_id":14}
{"done_at":1786213283.214298,"request_id":14,"ok":true}
{"at":1786213287.911677,"method":"tools/call","request_id":15}
{"done_at":1786213287.970434,"request_id":15,"ok":true}
{"at":1786213295.85295,"method":"tools/call","request_id":16}
{"done_at":1786213296.051171,"request_id":16,"ok":true}
{"at":1786213301.089278,"method":"tools/call","request_id":17}
{"done_at":1786213301.134911,"request_id":17,"ok":true}
{"at":1786213307.250225,"method":"tools/call","request_id":18}
{"done_at":1786213307.446719,"request_id":18,"ok":true}
{"at":1786213317.655543,"method":"tools/call","request_id":19}
{"done_at":1786213317.868375,"request_id":19,"ok":true}
{"at":1786213323.409251,"method":"tools/call","request_id":20}
{"done_at":1786213323.603374,"request_id":20,"ok":true}
{"at":1786213328.327016,"method":"tools/call","request_id":21}
{"done_at":1786213328.389071,"request_id":21,"ok":true}
{"at":1786213335.481476,"method":"tools/call","request_id":22}
{"done_at":1786213335.69187,"request_id":22,"ok":true}
{"at":1786213342.118439,"method":"tools/call","request_id":23}
{"done_at":1786213342.17698,"request_id":23,"ok":true}
{"at":1786213348.018766,"method":"tools/call","request_id":24}
{"done_at":1786213348.214492,"request_id":24,"ok":true}
{"at":1786213353.828658,"method":"tools/call","request_id":25}
{"done_at":1786213353.891081,"request_id":25,"ok":true}
{"at":1786213361.611692,"method":"tools/call","request_id":26}
{"done_at":1786213361.784808,"request_id":26,"ok":true}
{"at":1786213365.786759,"method":"tools/call","request_id":27}
{"done_at":1786213365.831634,"request_id":27,"ok":true}
{"at":1786213372.770896,"method":"tools/call","request_id":28}
{"done_at":1786213372.962143,"request_id":28,"ok":true}
{"at":1786213376.858177,"method":"tools/call","request_id":29}
{"done_at":1786213376.922665,"request_id":29,"ok":true}
{"at":1786213384.194803,"method":"tools/call","request_id":30}
{"done_at":1786213384.413653,"request_id":30,"ok":true}
{"at":1786213389.121521,"method":"tools/call","request_id":31}
{"done_at":1786213389.191157,"request_id":31,"ok":true}
{"at":1786213397.688781,"method":"tools/call","request_id":32}
{"done_at":1786213398.083656,"request_id":32,"ok":true}
{"at":1786213401.920708,"method":"tools/call","request_id":33}
{"done_at":1786213401.984564,"request_id":33,"ok":true}
{"at":1786213409.163541,"method":"tools/call","request_id":34}
{"done_at":1786213409.371669,"request_id":34,"ok":true}
{"at":1786213413.807493,"method":"tools/call","request_id":35}
{"done_at":1786213413.855868,"request_id":35,"ok":true}
{"at":1786213420.16244,"method":"tools/call","request_id":36}
{"done_at":1786213420.615631,"request_id":36,"ok":true}
{"at":1786213425.237003,"method":"tools/call","request_id":37}
{"done_at":1786213425.292702,"request_id":37,"ok":true}
{"at":1786213432.389398,"method":"tools/call","request_id":38}
{"done_at":1786213432.591794,"request_id":38,"ok":true}
{"at":1786213436.681699,"method":"tools/call","request_id":39}
{"done_at":1786213436.742369,"request_id":39,"ok":true}
{"at":1786213442.603952,"method":"tools/call","request_id":40}
{"done_at":1786213442.791772,"request_id":40,"ok":true}
{"at":1786213447.209208,"method":"tools/call","request_id":41}
{"done_at":1786213447.269502,"request_id":41,"ok":true}
{"at":1786213453.799814,"method":"tools/call","request_id":42}
{"done_at":1786213453.992339,"request_id":42,"ok":true}
{"at":1786213457.898714,"method":"tools/call","request_id":43}
{"done_at":1786213457.955086,"request_id":43,"ok":true}
{"at":1786213465.992449,"method":"tools/call","request_id":44}
{"done_at":1786213466.176475,"request_id":44,"ok":true}
{"at":1786213476.31962,"method":"tools/call","request_id":45}
{"done_at":1786213476.509627,"request_id":45,"ok":true}
{"at":1786213482.324143,"method":"tools/call","request_id":46}
{"done_at":1786213482.811048,"request_id":46,"ok":true}
{"at":1786213487.00194,"method":"tools/call","request_id":47}
{"done_at":1786213487.076261,"request_id":47,"ok":true}
{"at":1786213496.948577,"method":"tools/call","request_id":48}
{"done_at":1786213497.191776,"request_id":48,"ok":true}
{"at":1786213503.085359,"method":"initialize","request_id":0}
{"done_at":1786213503.085885,"request_id":0,"ok":true}
{"at":1786213503.086752,"method":"notifications/initialized","request_id":null}
{"at":1786213503.087164,"method":"tools/list","request_id":1}
{"done_at":1786213503.087605,"request_id":1,"ok":true}
{"at":1786213513.125806,"method":"tools/call","request_id":2}
{"done_at":1786213513.285966,"request_id":2,"ok":true}
{"at":1786213527.701987,"method":"tools/call","request_id":3}
{"done_at":1786213527.932485,"request_id":3,"ok":true}
{"at":1786213535.460456,"method":"tools/call","request_id":4}
{"done_at":1786213535.667446,"request_id":4,"ok":true}
{"at":1786213543.348893,"method":"tools/call","request_id":5}
{"done_at":1786213543.523807,"request_id":5,"ok":true}
{"at":1786213548.676184,"method":"tools/call","request_id":6}
{"done_at":1786213549.134038,"request_id":6,"ok":true}
{"at":1786213555.037853,"method":"tools/call","request_id":7}
{"done_at":1786213555.231094,"request_id":7,"ok":true}
{"at":1786213562.949597,"method":"tools/call","request_id":8}
{"done_at":1786213563.188907,"request_id":8,"ok":true}
{"at":1786213569.12079,"method":"tools/call","request_id":9}
{"done_at":1786213569.334052,"request_id":9,"ok":true}
{"at":1786213579.213912,"method":"tools/call","request_id":10}
{"done_at":1786213579.408206,"request_id":10,"ok":true}
{"at":1786213585.936658,"method":"tools/call","request_id":11}
{"done_at":1786213586.136309,"request_id":11,"ok":true}
{"at":1786213590.388488,"method":"tools/call","request_id":12}
{"done_at":1786213590.456067,"request_id":12,"ok":true}
{"at":1786213603.009864,"method":"tools/call","request_id":13}
{"done_at":1786213603.389726,"request_id":13,"ok":true}
{"at":1786213608.20748,"method":"tools/call","request_id":14}
{"done_at":1786213608.387792,"request_id":14,"ok":true}
{"at":1786213613.993366,"method":"tools/call","request_id":15}
{"done_at":1786213614.068195,"request_id":15,"ok":true}
{"at":1786213625.397801,"method":"tools/call","request_id":16}
{"done_at":1786213625.569835,"request_id":16,"ok":true}
{"at":1786213630.50356,"method":"tools/call","request_id":17}
{"done_at":1786213630.552662,"request_id":17,"ok":true}
{"at":1786213637.309239,"method":"tools/call","request_id":18}
{"done_at":1786213637.537542,"request_id":18,"ok":true}
{"at":1786213643.922798,"method":"tools/call","request_id":19}
{"done_at":1786213644.136085,"request_id":19,"ok":true}
{"at":1786213649.910116,"method":"tools/call","request_id":20}
{"done_at":1786213650.143385,"request_id":20,"ok":true}
{"at":1786213657.39588,"method":"tools/call","request_id":21}
{"done_at":1786213657.455221,"request_id":21,"ok":true}
{"at":1786213664.253377,"method":"tools/call","request_id":22}
{"done_at":1786213664.456364,"request_id":22,"ok":true}
{"at":1786213669.814028,"method":"tools/call","request_id":23}
{"done_at":1786213670.01277,"request_id":23,"ok":true}
{"at":1786213676.038137,"method":"tools/call","request_id":24}
{"done_at":1786213676.340421,"request_id":24,"ok":true}
{"at":1786213684.535396,"method":"tools/call","request_id":25}
{"done_at":1786213684.606147,"request_id":25,"ok":true}
{"at":1786213693.111057,"method":"tools/call","request_id":26}
{"done_at":1786213693.638438,"request_id":26,"ok":true}
{"at":1786213700.018627,"method":"tools/call","request_id":27}
{"done_at":1786213700.074197,"request_id":27,"ok":true}
{"at":1786213706.695948,"method":"tools/call","request_id":28}
{"done_at":1786213707.146962,"request_id":28,"ok":true}
{"at":1786213712.190586,"method":"tools/call","request_id":29}
{"done_at":1786213712.234522,"request_id":29,"ok":true}
{"at":1786213718.520752,"method":"tools/call","request_id":30}
{"done_at":1786213718.929246,"request_id":30,"ok":true}
{"at":1786213726.712378,"method":"tools/call","request_id":31}
{"done_at":1786213726.944424,"request_id":31,"ok":true}
{"at":1786213732.249389,"method":"tools/call","request_id":32}
{"done_at":1786213732.313714,"request_id":32,"ok":true}
{"at":1786213738.239816,"method":"tools/call","request_id":33}
{"done_at":1786213738.4342,"request_id":33,"ok":true}
{"at":1786213743.017389,"method":"tools/call","request_id":34}
{"done_at":1786213743.066731,"request_id":34,"ok":true}
{"at":1786213749.829921,"method":"tools/call","request_id":35}
{"done_at":1786213750.022471,"request_id":35,"ok":true}
{"at":1786213755.244557,"method":"tools/call","request_id":36}
{"done_at":1786213755.310007,"request_id":36,"ok":true}
{"at":1786213764.977907,"method":"tools/call","request_id":37}
{"done_at":1786213765.156481,"request_id":37,"ok":true}
{"at":1786213770.366854,"method":"tools/call","request_id":38}
{"done_at":1786213770.427678,"request_id":38,"ok":true}
{"at":1786213777.286966,"method":"tools/call","request_id":39}
{"done_at":1786213777.476044,"request_id":39,"ok":true}
{"at":1786213782.353768,"method":"tools/call","request_id":40}
{"done_at":1786213782.415053,"request_id":40,"ok":true}
{"at":1786213789.402716,"method":"tools/call","request_id":41}
{"done_at":1786213789.575857,"request_id":41,"ok":true}
{"at":1786213795.690198,"method":"tools/call","request_id":42}
{"done_at":1786213795.882598,"request_id":42,"ok":true}
{"at":1786213803.192493,"method":"tools/call","request_id":43}
{"done_at":1786213803.262625,"request_id":43,"ok":true}
{"at":1786213811.425509,"method":"tools/call","request_id":44}
{"done_at":1786213811.65162,"request_id":44,"ok":true}
{"at":1786213816.943582,"method":"tools/call","request_id":45}
{"done_at":1786213816.988699,"request_id":45,"ok":true}
{"at":1786213823.670279,"method":"tools/call","request_id":46}
{"done_at":1786213823.821879,"request_id":46,"ok":true}
{"at":1786213833.49536,"method":"initialize","request_id":0}
{"done_at":1786213833.495765,"request_id":0,"ok":true}
{"at":1786213833.496317,"method":"notifications/initialized","request_id":null}
{"at":1786213833.496669,"method":"tools/list","request_id":1}
{"done_at":1786213833.496932,"request_id":1,"ok":true}
{"at":1786213852.419217,"method":"tools/call","request_id":2}
{"done_at":1786213852.620126,"request_id":2,"ok":true}
{"at":1786213856.669657,"method":"tools/call","request_id":3}
{"done_at":1786213856.759666,"request_id":3,"ok":true}
{"at":1786213865.56549,"method":"tools/call","request_id":4}
{"done_at":1786213865.753472,"request_id":4,"ok":true}
{"at":1786213878.107354,"method":"tools/call","request_id":5}
{"done_at":1786213878.294175,"request_id":5,"ok":true}
{"at":1786213885.017739,"method":"tools/call","request_id":6}
{"done_at":1786213885.232225,"request_id":6,"ok":true}
{"at":1786213889.798848,"method":"tools/call","request_id":7}
{"done_at":1786213889.859967,"request_id":7,"ok":true}
{"at":1786213901.564342,"method":"tools/call","request_id":8}
{"done_at":1786213901.741948,"request_id":8,"ok":true}
{"at":1786213906.326484,"method":"tools/call","request_id":9}
{"done_at":1786213906.375535,"request_id":9,"ok":true}
{"at":1786213914.284259,"method":"tools/call","request_id":10}
{"done_at":1786213914.720618,"request_id":10,"ok":true}
{"at":1786213921.040081,"method":"tools/call","request_id":11}
{"done_at":1786213921.295643,"request_id":11,"ok":true}
{"at":1786213925.152838,"method":"tools/call","request_id":12}
{"done_at":1786213925.209856,"request_id":12,"ok":true}
{"at":1786213938.949312,"method":"tools/call","request_id":13}
{"done_at":1786213939.162621,"request_id":13,"ok":true}
{"at":1786213945.210347,"method":"tools/call","request_id":14}
{"done_at":1786213945.278158,"request_id":14,"ok":true}
{"at":1786213953.051208,"method":"tools/call","request_id":15}
{"done_at":1786213953.24399,"request_id":15,"ok":true}
{"at":1786213956.513398,"method":"tools/call","request_id":16}
{"done_at":1786213956.563885,"request_id":16,"ok":true}
{"at":1786213971.992478,"method":"tools/call","request_id":17}
{"done_at":1786213972.169659,"request_id":17,"ok":true}
{"at":1786213975.825494,"method":"tools/call","request_id":18}
{"done_at":1786213975.883175,"request_id":18,"ok":true}
{"at":1786213982.406157,"method":"tools/call","request_id":19}
{"done_at":1786213982.603032,"request_id":19,"ok":true}
{"at":1786213985.997583,"method":"tools/call","request_id":20}
{"done_at":1786213986.056989,"request_id":20,"ok":true}
{"at":1786213995.912687,"method":"tools/call","request_id":21}
{"done_at":1786213996.339482,"request_id":21,"ok":true}
{"at":1786214002.206061,"method":"tools/call","request_id":22}
{"done_at":1786214002.274438,"request_id":22,"ok":true}
{"at":1786214013.216455,"method":"tools/call","request_id":23}
{"done_at":1786214013.407054,"request_id":23,"ok":true}
{"at":1786214018.939346,"method":"tools/call","request_id":24}
{"done_at":1786214018.985309,"request_id":24,"ok":true}
{"at":1786214027.555874,"method":"tools/call","request_id":25}
{"done_at":1786214027.754455,"request_id":25,"ok":true}
{"at":1786214032.089175,"method":"tools/call","request_id":26}
{"done_at":1786214032.145804,"request_id":26,"ok":true}
{"at":1786214041.834191,"method":"tools/call","request_id":27}
{"done_at":1786214042.053026,"request_id":27,"ok":true}
{"at":1786214053.623893,"method":"tools/call","request_id":28}
{"done_at":1786214053.872574,"request_id":28,"ok":true}
{"at":1786214063.701125,"method":"tools/call","request_id":29}
{"done_at":1786214063.912531,"request_id":29,"ok":true}
{"at":1786214069.7261,"method":"tools/call","request_id":30}
{"done_at":1786214069.772005,"request_id":30,"ok":true}
{"at":1786214082.516953,"method":"tools/call","request_id":31}
{"done_at":1786214082.717589,"request_id":31,"ok":true}
{"at":1786214086.906233,"method":"tools/call","request_id":32}
{"done_at":1786214086.960456,"request_id":32,"ok":true}
{"at":1786214097.005476,"method":"tools/call","request_id":33}
{"done_at":1786214097.204683,"request_id":33,"ok":true}
{"at":1786214108.638987,"method":"tools/call","request_id":34}
{"done_at":1786214108.900278,"request_id":34,"ok":true}
{"at":1786214117.583291,"method":"tools/call","request_id":35}
{"done_at":1786214117.83075,"request_id":35,"ok":true}
{"at":1786214123.77597,"method":"tools/call","request_id":36}
{"done_at":1786214124.002712,"request_id":36,"ok":true}
{"at":1786214134.105287,"method":"tools/call","request_id":37}
{"done_at":1786214134.333404,"request_id":37,"ok":true}
{"at":1786214149.239611,"method":"tools/call","request_id":38}
{"done_at":1786214149.55512,"request_id":38,"ok":true}
{"at":1786214155.313491,"method":"tools/call","request_id":39}
{"done_at":1786214155.365356,"request_id":39,"ok":true}
{"at":1786214162.241224,"method":"tools/call","request_id":40}
{"done_at":1786214162.406886,"request_id":40,"ok":true}
{"at":1786214173.509335,"method":"tools/call","request_id":41}
{"done_at":1786214173.771077,"request_id":41,"ok":true}
{"at":1786214182.216044,"method":"tools/call","request_id":42}
{"done_at":1786214182.45122,"request_id":42,"ok":true}
{"at":1786214189.085355,"method":"tools/call","request_id":43}
{"done_at":1786214189.136617,"request_id":43,"ok":true}
{"at":1786214197.894567,"method":"tools/call","request_id":44}
{"done_at":1786214198.099961,"request_id":44,"ok":true}
{"at":1786214204.195884,"method":"tools/call","request_id":45}
{"done_at":1786214204.246688,"request_id":45,"ok":true}
{"at":1786214213.496957,"method":"tools/call","request_id":46}
{"done_at":1786214213.720165,"request_id":46,"ok":true}
{"at":1786214219.983936,"method":"tools/call","request_id":47}
{"done_at":1786214220.215129,"request_id":47,"ok":true}
{"at":1786214224.906704,"method":"tools/call","request_id":48}
{"done_at":1786214224.952836,"request_id":48,"ok":true}
{"at":1786214238.112321,"method":"tools/call","request_id":49}
{"done_at":1786214238.296944,"request_id":49,"ok":true}
{"at":1786214245.801757,"method":"initialize","request_id":0}
{"done_at":1786214245.802307,"request_id":0,"ok":true}
{"at":1786214245.802912,"method":"notifications/initialized","request_id":null}
{"at":1786214245.803277,"method":"tools/list","request_id":1}
{"done_at":1786214245.803543,"request_id":1,"ok":true}
{"at":1786214262.378146,"method":"tools/call","request_id":2}
{"done_at":1786214262.567279,"request_id":2,"ok":true}
{"at":1786214265.507128,"method":"tools/call","request_id":3}
{"done_at":1786214265.586798,"request_id":3,"ok":true}
{"at":1786214282.824975,"method":"tools/call","request_id":4}
{"done_at":1786214282.996423,"request_id":4,"ok":true}
{"at":1786214293.528659,"method":"tools/call","request_id":5}
{"done_at":1786214293.760734,"request_id":5,"ok":true}
{"at":1786214304.516748,"method":"tools/call","request_id":6}
{"done_at":1786214304.733735,"request_id":6,"ok":true}
{"at":1786214314.502635,"method":"tools/call","request_id":7}
{"done_at":1786214314.677302,"request_id":7,"ok":true}
{"at":1786214326.629127,"method":"tools/call","request_id":8}
{"done_at":1786214326.837319,"request_id":8,"ok":true}
{"at":1786214335.131455,"method":"tools/call","request_id":9}
{"done_at":1786214335.385115,"request_id":9,"ok":true}
{"at":1786214338.97305,"method":"tools/call","request_id":10}
{"done_at":1786214339.019884,"request_id":10,"ok":true}
{"at":1786214352.356635,"method":"tools/call","request_id":11}
{"done_at":1786214352.526076,"request_id":11,"ok":true}
{"at":1786214362.933662,"method":"tools/call","request_id":12}
{"done_at":1786214362.981855,"request_id":12,"ok":true}
{"at":1786214374.277626,"method":"tools/call","request_id":13}
{"done_at":1786214374.507238,"request_id":13,"ok":true}
{"at":1786214381.870954,"method":"tools/call","request_id":14}
{"done_at":1786214382.085069,"request_id":14,"ok":true}
{"at":1786214388.468238,"method":"tools/call","request_id":15}
{"done_at":1786214388.516262,"request_id":15,"ok":true}
{"at":1786214397.94656,"method":"tools/call","request_id":16}
{"done_at":1786214398.167098,"request_id":16,"ok":true}
{"at":1786214404.62455,"method":"tools/call","request_id":17}
{"done_at":1786214404.688407,"request_id":17,"ok":true}
{"at":1786214413.904292,"method":"tools/call","request_id":18}
{"done_at":1786214414.084828,"request_id":18,"ok":true}
{"at":1786214417.131185,"method":"tools/call","request_id":19}
{"done_at":1786214417.180322,"request_id":19,"ok":true}
{"at":1786214422.719236,"method":"tools/call","request_id":20}
{"done_at":1786214422.885897,"request_id":20,"ok":true}
{"at":1786214427.020695,"method":"tools/call","request_id":21}
{"done_at":1786214427.091783,"request_id":21,"ok":true}
{"at":1786214436.342316,"method":"tools/call","request_id":22}
{"done_at":1786214436.544645,"request_id":22,"ok":true}
{"at":1786214441.094438,"method":"tools/call","request_id":23}
{"done_at":1786214441.160163,"request_id":23,"ok":true}
{"at":1786214452.243328,"method":"tools/call","request_id":24}
{"done_at":1786214452.404464,"request_id":24,"ok":true}
{"at":1786214455.203417,"method":"tools/call","request_id":25}
{"done_at":1786214455.252745,"request_id":25,"ok":true}
{"at":1786214465.094026,"method":"tools/call","request_id":26}
{"done_at":1786214465.265632,"request_id":26,"ok":true}
{"at":1786214469.871507,"method":"tools/call","request_id":27}
{"done_at":1786214469.920665,"request_id":27,"ok":true}
{"at":1786214479.632884,"method":"tools/call","request_id":28}
{"done_at":1786214479.834351,"request_id":28,"ok":true}
{"at":1786214483.538385,"method":"tools/call","request_id":29}
{"done_at":1786214483.623039,"request_id":29,"ok":true}
{"at":1786214494.757412,"method":"tools/call","request_id":30}
{"done_at":1786214495.182665,"request_id":30,"ok":true}
{"at":1786214499.896316,"method":"tools/call","request_id":31}
{"done_at":1786214499.961207,"request_id":31,"ok":true}
{"at":1786214508.934584,"method":"tools/call","request_id":32}
{"done_at":1786214509.104346,"request_id":32,"ok":true}
{"at":1786214513.514579,"method":"tools/call","request_id":33}
{"done_at":1786214513.567756,"request_id":33,"ok":true}
{"at":1786214525.615487,"method":"tools/call","request_id":34}
{"done_at":1786214525.794641,"request_id":34,"ok":true}
{"at":1786214530.114873,"method":"tools/call","request_id":35}
{"done_at":1786214530.174435,"request_id":35,"ok":true}
{"at":1786214538.735388,"method":"tools/call","request_id":36}
{"done_at":1786214538.929047,"request_id":36,"ok":true}
{"at":1786214542.684606,"method":"tools/call","request_id":37}
{"done_at":1786214542.741209,"request_id":37,"ok":true}
{"at":1786214554.943205,"method":"tools/call","request_id":38}
{"done_at":1786214555.171799,"request_id":38,"ok":true}
{"at":1786214558.447764,"method":"tools/call","request_id":39}
{"done_at":1786214558.493462,"request_id":39,"ok":true}
{"at":1786214565.377421,"method":"tools/call","request_id":40}
{"done_at":1786214565.591198,"request_id":40,"ok":true}
{"at":1786214573.428876,"method":"tools/call","request_id":41}
{"done_at":1786214573.620387,"request_id":41,"ok":true}
{"at":1786214580.079716,"method":"tools/call","request_id":42}
{"done_at":1786214580.281893,"request_id":42,"ok":true}
{"at":1786214591.284211,"method":"tools/call","request_id":43}
{"done_at":1786214591.482877,"request_id":43,"ok":true}
{"at":1786214597.379507,"method":"tools/call","request_id":44}
{"done_at":1786214597.578151,"request_id":44,"ok":true}
{"at":1786214606.176617,"method":"tools/call","request_id":45}
{"done_at":1786214606.411032,"request_id":45,"ok":true}
{"at":1786214612.311252,"method":"tools/call","request_id":46}
{"done_at":1786214612.36292,"request_id":46,"ok":true}
{"at":1786214621.320105,"method":"tools/call","request_id":47}
{"done_at":1786214621.514116,"request_id":47,"ok":true}
{"at":1786214630.953555,"method":"tools/call","request_id":48}
{"done_at":1786214631.160506,"request_id":48,"ok":true}
{"at":1786214638.060305,"method":"tools/call","request_id":49}
{"done_at":1786214638.107497,"request_id":49,"ok":true}
{"at":1786214648.420044,"method":"tools/call","request_id":50}
{"done_at":1786214648.610583,"request_id":50,"ok":true}
{"at":1786214656.886933,"method":"initialize","request_id":0}
{"done_at":1786214656.887409,"request_id":0,"ok":true}
{"at":1786214656.88801,"method":"notifications/initialized","request_id":null}
{"at":1786214656.888442,"method":"tools/list","request_id":1}
{"done_at":1786214656.88877,"request_id":1,"ok":true}
{"at":1786214667.084459,"method":"tools/call","request_id":2}
{"done_at":1786214667.321472,"request_id":2,"ok":true}
{"at":1786214673.400858,"method":"tools/call","request_id":3}
{"done_at":1786214673.596747,"request_id":3,"ok":true}
{"at":1786214677.944566,"method":"tools/call","request_id":4}
{"done_at":1786214678.160044,"request_id":4,"ok":true}
{"at":1786214682.599083,"method":"tools/call","request_id":5}
{"done_at":1786214682.812236,"request_id":5,"ok":true}
{"at":1786214687.249003,"method":"tools/call","request_id":6}
{"done_at":1786214687.463728,"request_id":6,"ok":true}
{"at":1786214692.89488,"method":"tools/call","request_id":7}
{"done_at":1786214693.121408,"request_id":7,"ok":true}
{"at":1786214697.65708,"method":"tools/call","request_id":8}
{"done_at":1786214697.889332,"request_id":8,"ok":true}
{"at":1786214702.899186,"method":"tools/call","request_id":9}
{"done_at":1786214703.192833,"request_id":9,"ok":true}
{"at":1786214708.231894,"method":"tools/call","request_id":10}
{"done_at":1786214708.30174,"request_id":10,"ok":true}
{"at":1786214717.633439,"method":"tools/call","request_id":11}
{"done_at":1786214717.825035,"request_id":11,"ok":true}
{"at":1786214722.733288,"method":"tools/call","request_id":12}
{"done_at":1786214722.782839,"request_id":12,"ok":true}
{"at":1786214732.054628,"method":"tools/call","request_id":13}
{"done_at":1786214732.264521,"request_id":13,"ok":true}
{"at":1786214737.838203,"method":"tools/call","request_id":14}
{"done_at":1786214738.330664,"request_id":14,"ok":true}
{"at":1786214743.247052,"method":"tools/call","request_id":15}
{"done_at":1786214743.306134,"request_id":15,"ok":true}
{"at":1786214754.089809,"method":"tools/call","request_id":16}
{"done_at":1786214754.335835,"request_id":16,"ok":true}
{"at":1786214763.82741,"method":"tools/call","request_id":17}
{"done_at":1786214764.031031,"request_id":17,"ok":true}
{"at":1786214767.704997,"method":"tools/call","request_id":18}
{"done_at":1786214767.750342,"request_id":18,"ok":true}
{"at":1786214774.269338,"method":"tools/call","request_id":19}
{"done_at":1786214774.478406,"request_id":19,"ok":true}
{"at":1786214779.311766,"method":"tools/call","request_id":20}
{"done_at":1786214779.361068,"request_id":20,"ok":true}
{"at":1786214785.879835,"method":"tools/call","request_id":21}
{"done_at":1786214786.324217,"request_id":21,"ok":true}
{"at":1786214792.318666,"method":"tools/call","request_id":22}
{"done_at":1786214792.555751,"request_id":22,"ok":true}
{"at":1786214797.989763,"method":"tools/call","request_id":23}
{"done_at":1786214798.045951,"request_id":23,"ok":true}
{"at":1786214804.941509,"method":"tools/call","request_id":24}
{"done_at":1786214805.131694,"request_id":24,"ok":true}
{"at":1786214813.041189,"method":"tools/call","request_id":25}
{"done_at":1786214813.268367,"request_id":25,"ok":true}
{"at":1786214823.265608,"method":"tools/call","request_id":26}
{"done_at":1786214823.526884,"request_id":26,"ok":true}
{"at":1786214827.818659,"method":"tools/call","request_id":27}
{"done_at":1786214827.871958,"request_id":27,"ok":true}
{"at":1786214836.27238,"method":"tools/call","request_id":28}
{"done_at":1786214836.454463,"request_id":28,"ok":true}
{"at":1786214845.582821,"method":"tools/call","request_id":29}
{"done_at":1786214845.641577,"request_id":29,"ok":true}
{"at":1786214853.600378,"method":"tools/call","request_id":30}
{"done_at":1786214853.764659,"request_id":30,"ok":true}
{"at":1786214862.065306,"method":"tools/call","request_id":31}
{"done_at":1786214862.248961,"request_id":31,"ok":true}
{"at":1786214869.614309,"method":"tools/call","request_id":32}
{"done_at":1786214869.663305,"request_id":32,"ok":true}
{"at":1786214878.07032,"method":"tools/call","request_id":33}
{"done_at":1786214878.258638,"request_id":33,"ok":true}
{"at":1786214883.208694,"method":"tools/call","request_id":34}
{"done_at":1786214883.408154,"request_id":34,"ok":true}
{"at":1786214892.159596,"method":"tools/call","request_id":35}
{"done_at":1786214892.215452,"request_id":35,"ok":true}
{"at":1786214903.861754,"method":"tools/call","request_id":36}
{"done_at":1786214904.064191,"request_id":36,"ok":true}
{"at":1786214909.705567,"method":"tools/call","request_id":37}
{"done_at":1786214909.879456,"request_id":37,"ok":true}
{"at":1786214917.607733,"method":"tools/call","request_id":38}
{"done_at":1786214917.664203,"request_id":38,"ok":true}
{"at":1786214927.222764,"method":"tools/call","request_id":39}
{"done_at":1786214927.39723,"request_id":39,"ok":true}
{"at":1786214934.500131,"method":"tools/call","request_id":40}
{"done_at":1786214934.54599,"request_id":40,"ok":true}
{"at":1786214951.28162,"method":"tools/call","request_id":41}
{"done_at":1786214951.470108,"request_id":41,"ok":true}
{"at":1786214960.433381,"method":"tools/call","request_id":42}
{"done_at":1786214960.480308,"request_id":42,"ok":true}
{"at":1786214966.537661,"method":"tools/call","request_id":43}
{"done_at":1786214966.729721,"request_id":43,"ok":true}
{"at":1786214978.357806,"method":"tools/call","request_id":44}
{"done_at":1786214978.416671,"request_id":44,"ok":true}
{"at":1786214986.538756,"method":"tools/call","request_id":45}
{"done_at":1786214986.714371,"request_id":45,"ok":true}
{"at":1786214994.820351,"method":"tools/call","request_id":46}
{"done_at":1786214994.873976,"request_id":46,"ok":true}
{"at":1786215003.171644,"method":"tools/call","request_id":47}
{"done_at":1786215003.340721,"request_id":47,"ok":true}
{"at":1786215009.703111,"method":"initialize","request_id":0}
{"done_at":1786215009.703617,"request_id":0,"ok":true}
{"at":1786215009.704248,"method":"notifications/initialized","request_id":null}
{"at":1786215009.704609,"method":"tools/list","request_id":1}
{"done_at":1786215009.704886,"request_id":1,"ok":true}
{"at":1786215022.073796,"method":"tools/call","request_id":2}
{"done_at":1786215022.267383,"request_id":2,"ok":true}
{"at":1786215025.614513,"method":"tools/call","request_id":3}
{"done_at":1786215025.676253,"request_id":3,"ok":true}
{"at":1786215036.800604,"method":"tools/call","request_id":4}
{"done_at":1786215037.011216,"request_id":4,"ok":true}
{"at":1786215041.8821,"method":"tools/call","request_id":5}
{"done_at":1786215041.931643,"request_id":5,"ok":true}
{"at":1786215049.280373,"method":"tools/call","request_id":6}
{"done_at":1786215049.449712,"request_id":6,"ok":true}
{"at":1786215052.932526,"method":"tools/call","request_id":7}
{"done_at":1786215052.988847,"request_id":7,"ok":true}
{"at":1786215062.505468,"method":"tools/call","request_id":8}
{"done_at":1786215062.692395,"request_id":8,"ok":true}
{"at":1786215071.815967,"method":"tools/call","request_id":9}
{"done_at":1786215072.030073,"request_id":9,"ok":true}
{"at":1786215077.796573,"method":"tools/call","request_id":10}
{"done_at":1786215077.982756,"request_id":10,"ok":true}
{"at":1786215086.931762,"method":"tools/call","request_id":11}
{"done_at":1786215087.121597,"request_id":11,"ok":true}
{"at":1786215093.536425,"method":"tools/call","request_id":12}
{"done_at":1786215093.736135,"request_id":12,"ok":true}
{"at":1786215104.069066,"method":"tools/call","request_id":13}
{"done_at":1786215104.11452,"request_id":13,"ok":true}
{"at":1786215115.480112,"method":"tools/call","request_id":14}
{"done_at":1786215115.679495,"request_id":14,"ok":true}
{"at":1786215120.334827,"method":"tools/call","request_id":15}
{"done_at":1786215120.384755,"request_id":15,"ok":true}
{"at":1786215128.286961,"method":"tools/call","request_id":16}
{"done_at":1786215128.456868,"request_id":16,"ok":true}
{"at":1786215134.603722,"method":"tools/call","request_id":17}
{"done_at":1786215134.791774,"request_id":17,"ok":true}
{"at":1786215142.150867,"method":"tools/call","request_id":18}
{"done_at":1786215142.364237,"request_id":18,"ok":true}
{"at":1786215149.020673,"method":"tools/call","request_id":19}
{"done_at":1786215149.07945,"request_id":19,"ok":true}
{"at":1786215159.583967,"method":"tools/call","request_id":20}
{"done_at":1786215160.03393,"request_id":20,"ok":true}
{"at":1786215165.209475,"method":"tools/call","request_id":21}
{"done_at":1786215165.2691,"request_id":21,"ok":true}
{"at":1786215172.89968,"method":"tools/call","request_id":22}
{"done_at":1786215173.130591,"request_id":22,"ok":true}
{"at":1786215177.117662,"method":"tools/call","request_id":23}
{"done_at":1786215177.170881,"request_id":23,"ok":true}
{"at":1786215187.092065,"method":"tools/call","request_id":24}
{"done_at":1786215187.273902,"request_id":24,"ok":true}
{"at":1786215197.631169,"method":"tools/call","request_id":25}
{"done_at":1786215197.812869,"request_id":25,"ok":true}
{"at":1786215204.531419,"method":"tools/call","request_id":26}
{"done_at":1786215204.57907,"request_id":26,"ok":true}
{"at":1786215213.717134,"method":"tools/call","request_id":27}
{"done_at":1786215213.929115,"request_id":27,"ok":true}
{"at":1786215219.741326,"method":"tools/call","request_id":28}
{"done_at":1786215220.034044,"request_id":28,"ok":true}
{"at":1786215227.052267,"method":"tools/call","request_id":29}
{"done_at":1786215227.506269,"request_id":29,"ok":true}
{"at":1786215232.073342,"method":"tools/call","request_id":30}
{"done_at":1786215232.128346,"request_id":30,"ok":true}
{"at":1786215240.31924,"method":"tools/call","request_id":31}
{"done_at":1786215240.513911,"request_id":31,"ok":true}
{"at":1786215246.148772,"method":"tools/call","request_id":32}
{"done_at":1786215246.205699,"request_id":32,"ok":true}
{"at":1786215252.741553,"method":"tools/call","request_id":33}
{"done_at":1786215252.929297,"request_id":33,"ok":true}
{"at":1786215261.500521,"method":"tools/call","request_id":34}
{"done_at":1786215261.690106,"request_id":34,"ok":true}
{"at":1786215270.541379,"method":"tools/call","request_id":35}
{"done_at":1786215270.756688,"request_id":35,"ok":true}
{"at":1786215277.476755,"method":"tools/call","request_id":36}
{"done_at":1786215277.653526,"request_id":36,"ok":true}
{"at":1786215284.759149,"method":"tools/call","request_id":37}
{"done_at":1786215284.81118,"request_id":37,"ok":true}
{"at":1786215290.92585,"method":"tools/call","request_id":38}
{"done_at":1786215291.115102,"request_id":38,"ok":true}
{"at":1786215296.934628,"method":"tools/call","request_id":39}
{"done_at":1786215296.97627,"request_id":39,"ok":true}
{"at":1786215304.50707,"method":"tools/call","request_id":40}
{"done_at":1786215304.693124,"request_id":40,"ok":true}
{"at":1786215311.721231,"method":"tools/call","request_id":41}
{"done_at":1786215311.938725,"request_id":41,"ok":true}
{"at":1786215323.794512,"method":"tools/call","request_id":42}
{"done_at":1786215324.006104,"request_id":42,"ok":true}
{"at":1786215334.272926,"method":"tools/call","request_id":43}
{"done_at":1786215334.616906,"request_id":43,"ok":true}
{"at":1786215342.981623,"method":"tools/call","request_id":44}
{"done_at":1786215343.047552,"request_id":44,"ok":true}
{"at":1786215354.264315,"method":"tools/call","request_id":45}
{"done_at":1786215354.449207,"request_id":45,"ok":true}
{"at":1786215360.57933,"method":"tools/call","request_id":46}
{"done_at":1786215360.624164,"request_id":46,"ok":true}
{"at":1786215373.601327,"method":"tools/call","request_id":47}
{"done_at":1786215374.02849,"request_id":47,"ok":true}
{"at":1786215379.502732,"method":"initialize","request_id":0}
{"done_at":1786215379.503315,"request_id":0,"ok":true}
{"at":1786215379.504467,"method":"notifications/initialized","request_id":null}
{"at":1786215379.504869,"method":"tools/list","request_id":1}
{"done_at":1786215379.505156,"request_id":1,"ok":true}
{"at":1786215391.857416,"method":"tools/call","request_id":2}
{"done_at":1786215392.06315,"request_id":2,"ok":true}
{"at":1786215395.194255,"method":"tools/call","request_id":3}
{"done_at":1786215395.263246,"request_id":3,"ok":true}
{"at":1786215404.024869,"method":"tools/call","request_id":4}
{"done_at":1786215404.439035,"request_id":4,"ok":true}
{"at":1786215407.608199,"method":"tools/call","request_id":5}
{"done_at":1786215407.657636,"request_id":5,"ok":true}
{"at":1786215414.375813,"method":"tools/call","request_id":6}
{"done_at":1786215414.554976,"request_id":6,"ok":true}
{"at":1786215417.264995,"method":"tools/call","request_id":7}
{"done_at":1786215417.322723,"request_id":7,"ok":true}
{"at":1786215425.813239,"method":"tools/call","request_id":8}
{"done_at":1786215426.01898,"request_id":8,"ok":true}
{"at":1786215432.159978,"method":"tools/call","request_id":9}
{"done_at":1786215432.214523,"request_id":9,"ok":true}
{"at":1786215439.699903,"method":"tools/call","request_id":10}
{"done_at":1786215439.889692,"request_id":10,"ok":true}
{"at":1786215447.937032,"method":"tools/call","request_id":11}
{"done_at":1786215448.136625,"request_id":11,"ok":true}
{"at":1786215453.217186,"method":"tools/call","request_id":12}
{"done_at":1786215453.427862,"request_id":12,"ok":true}
{"at":1786215456.433591,"method":"tools/call","request_id":13}
{"done_at":1786215456.483619,"request_id":13,"ok":true}
{"at":1786215462.500633,"method":"tools/call","request_id":14}
{"done_at":1786215462.695093,"request_id":14,"ok":true}
{"at":1786215466.888515,"method":"tools/call","request_id":15}
{"done_at":1786215466.942306,"request_id":15,"ok":true}
{"at":1786215474.435212,"method":"tools/call","request_id":16}
{"done_at":1786215474.604327,"request_id":16,"ok":true}
{"at":1786215477.426435,"method":"tools/call","request_id":17}
{"done_at":1786215477.492561,"request_id":17,"ok":true}
{"at":1786215483.42263,"method":"tools/call","request_id":18}
{"done_at":1786215483.58692,"request_id":18,"ok":true}
{"at":1786215486.330036,"method":"tools/call","request_id":19}
{"done_at":1786215486.379891,"request_id":19,"ok":true}
{"at":1786215494.118474,"method":"tools/call","request_id":20}
{"done_at":1786215494.339179,"request_id":20,"ok":true}
{"at":1786215500.27208,"method":"tools/call","request_id":21}
{"done_at":1786215500.477635,"request_id":21,"ok":true}
{"at":1786215505.965608,"method":"tools/call","request_id":22}
{"done_at":1786215506.01438,"request_id":22,"ok":true}
{"at":1786215517.409077,"method":"tools/call","request_id":23}
{"done_at":1786215517.583671,"request_id":23,"ok":true}
{"at":1786215520.642538,"method":"tools/call","request_id":24}
{"done_at":1786215520.692497,"request_id":24,"ok":true}
{"at":1786215528.427504,"method":"tools/call","request_id":25}
{"done_at":1786215528.626018,"request_id":25,"ok":true}
{"at":1786215532.286838,"method":"tools/call","request_id":26}
{"done_at":1786215532.336107,"request_id":26,"ok":true}
{"at":1786215539.127168,"method":"tools/call","request_id":27}
{"done_at":1786215539.292495,"request_id":27,"ok":true}
{"at":1786215542.759765,"method":"tools/call","request_id":28}
{"done_at":1786215542.824884,"request_id":28,"ok":true}
{"at":1786215552.989484,"method":"tools/call","request_id":29}
{"done_at":1786215553.18758,"request_id":29,"ok":true}
{"at":1786215561.917922,"method":"tools/call","request_id":30}
{"done_at":1786215562.168246,"request_id":30,"ok":true}
{"at":1786215566.057966,"method":"tools/call","request_id":31}
{"done_at":1786215566.107269,"request_id":31,"ok":true}
{"at":1786215573.732703,"method":"tools/call","request_id":32}
{"done_at":1786215573.905073,"request_id":32,"ok":true}
{"at":1786215576.693339,"method":"tools/call","request_id":33}
{"done_at":1786215576.750937,"request_id":33,"ok":true}
{"at":1786215584.405313,"method":"tools/call","request_id":34}
{"done_at":1786215584.580248,"request_id":34,"ok":true}
{"at":1786215587.57793,"method":"tools/call","request_id":35}
{"done_at":1786215587.627423,"request_id":35,"ok":true}
{"at":1786215595.193258,"method":"tools/call","request_id":36}
{"done_at":1786215595.362246,"request_id":36,"ok":true}
{"at":1786215598.669584,"method":"tools/call","request_id":37}
{"done_at":1786215598.729113,"request_id":37,"ok":true}
{"at":1786215610.753569,"method":"tools/call","request_id":38}
{"done_at":1786215610.926873,"request_id":38,"ok":true}
{"at":1786215619.147035,"method":"tools/call","request_id":39}
{"done_at":1786215619.198942,"request_id":39,"ok":true}
{"at":1786215625.168463,"method":"tools/call","request_id":40}
{"done_at":1786215625.38542,"request_id":40,"ok":true}
{"at":1786215632.05634,"method":"tools/call","request_id":41}
{"done_at":1786215632.111281,"request_id":41,"ok":true}
{"at":1786215641.867869,"method":"tools/call","request_id":42}
{"done_at":1786215642.063933,"request_id":42,"ok":true}
{"at":1786215648.750867,"method":"tools/call","request_id":43}
{"done_at":1786215649.24542,"request_id":43,"ok":true}
{"at":1786215657.947459,"method":"tools/call","request_id":44}
{"done_at":1786215658.173935,"request_id":44,"ok":true}
{"at":1786215664.436718,"method":"tools/call","request_id":45}
{"done_at":1786215664.6457,"request_id":45,"ok":true}
{"at":1786215668.707971,"method":"tools/call","request_id":46}
{"done_at":1786215668.75931,"request_id":46,"ok":true}
{"at":1786215678.361796,"method":"tools/call","request_id":47}
{"done_at":1786215678.527633,"request_id":47,"ok":true}
{"at":1786215684.968419,"method":"tools/call","request_id":48}
{"done_at":1786215685.183473,"request_id":48,"ok":true}
{"at":1786215691.68482,"method":"tools/call","request_id":49}
{"done_at":1786215691.888692,"request_id":49,"ok":true}
{"at":1786215700.972214,"method":"tools/call","request_id":50}
{"done_at":1786215701.178007,"request_id":50,"ok":true}
{"at":1786215705.959295,"method":"tools/call","request_id":51}
{"done_at":1786215706.022125,"request_id":51,"ok":true}
{"at":1786215713.34983,"method":"tools/call","request_id":52}
{"done_at":1786215713.529717,"request_id":52,"ok":true}
{"at":1786215718.478594,"method":"initialize","request_id":0}
{"done_at":1786215718.479102,"request_id":0,"ok":true}
{"at":1786215718.479822,"method":"notifications/initialized","request_id":null}
{"at":1786215718.480267,"method":"tools/list","request_id":1}
{"done_at":1786215718.480731,"request_id":1,"ok":true}
{"at":1786215734.392652,"method":"tools/call","request_id":2}
{"done_at":1786215734.588267,"request_id":2,"ok":true}
{"at":1786215744.313138,"method":"tools/call","request_id":3}
{"done_at":1786215744.381052,"request_id":3,"ok":true}
{"at":1786215756.08941,"method":"tools/call","request_id":4}
{"done_at":1786215756.292052,"request_id":4,"ok":true}
{"at":1786215759.581444,"method":"tools/call","request_id":5}
{"done_at":1786215759.634398,"request_id":5,"ok":true}
{"at":1786215765.696751,"method":"tools/call","request_id":6}
{"done_at":1786215765.931959,"request_id":6,"ok":true}
{"at":1786215769.195936,"method":"tools/call","request_id":7}
{"done_at":1786215769.259835,"request_id":7,"ok":true}
{"at":1786215780.028628,"method":"tools/call","request_id":8}
{"done_at":1786215780.265491,"request_id":8,"ok":true}
{"at":1786215785.663678,"method":"tools/call","request_id":9}
{"done_at":1786215785.713411,"request_id":9,"ok":true}
{"at":1786215793.538927,"method":"tools/call","request_id":10}
{"done_at":1786215793.726321,"request_id":10,"ok":true}
{"at":1786215799.008409,"method":"tools/call","request_id":11}
{"done_at":1786215799.056831,"request_id":11,"ok":true}
{"at":1786215804.917634,"method":"tools/call","request_id":12}
{"done_at":1786215805.377673,"request_id":12,"ok":true}
{"at":1786215812.807669,"method":"tools/call","request_id":13}
{"done_at":1786215813.020472,"request_id":13,"ok":true}
{"at":1786215819.329962,"method":"tools/call","request_id":14}
{"done_at":1786215819.526148,"request_id":14,"ok":true}
{"at":1786215829.186177,"method":"tools/call","request_id":15}
{"done_at":1786215829.47004,"request_id":15,"ok":true}
{"at":1786215834.283647,"method":"tools/call","request_id":16}
{"done_at":1786215834.45629,"request_id":16,"ok":true}
{"at":1786215839.368377,"method":"tools/call","request_id":17}
{"done_at":1786215839.428612,"request_id":17,"ok":true}
{"at":1786215846.904268,"method":"tools/call","request_id":18}
{"done_at":1786215847.081119,"request_id":18,"ok":true}
{"at":1786215853.829924,"method":"tools/call","request_id":19}
{"done_at":1786215853.883243,"request_id":19,"ok":true}
{"at":1786215864.13765,"method":"tools/call","request_id":20}
{"done_at":1786215864.310186,"request_id":20,"ok":true}
{"at":1786215871.511997,"method":"tools/call","request_id":21}
{"done_at":1786215871.563571,"request_id":21,"ok":true}
{"at":1786215882.580704,"method":"tools/call","request_id":22}
{"done_at":1786215882.772717,"request_id":22,"ok":true}
{"at":1786215892.264251,"method":"tools/call","request_id":23}
{"done_at":1786215892.48535,"request_id":23,"ok":true}
{"at":1786215899.338282,"method":"tools/call","request_id":24}
{"done_at":1786215899.396346,"request_id":24,"ok":true}
{"at":1786215908.599161,"method":"tools/call","request_id":25}
{"done_at":1786215908.794939,"request_id":25,"ok":true}
{"at":1786215921.542409,"method":"tools/call","request_id":26}
{"done_at":1786215921.999277,"request_id":26,"ok":true}
{"at":1786215929.22373,"method":"tools/call","request_id":27}
{"done_at":1786215929.273142,"request_id":27,"ok":true}
{"at":1786215935.29134,"method":"tools/call","request_id":28}
{"done_at":1786215935.496826,"request_id":28,"ok":true}
{"at":1786215942.573165,"method":"tools/call","request_id":29}
{"done_at":1786215942.812417,"request_id":29,"ok":true}
{"at":1786215954.409892,"method":"tools/call","request_id":30}
{"done_at":1786215954.617528,"request_id":30,"ok":true}
{"at":1786215959.706286,"method":"tools/call","request_id":31}
{"done_at":1786215959.932783,"request_id":31,"ok":true}
{"at":1786215966.44443,"method":"tools/call","request_id":32}
{"done_at":1786215966.66165,"request_id":32,"ok":true}
{"at":1786215974.511115,"method":"tools/call","request_id":33}
{"done_at":1786215974.721593,"request_id":33,"ok":true}
{"at":1786215981.437788,"method":"tools/call","request_id":34}
{"done_at":1786215981.492431,"request_id":34,"ok":true}
{"at":1786215987.038315,"method":"tools/call","request_id":35}
{"done_at":1786215987.21891,"request_id":35,"ok":true}
{"at":1786215999.006525,"method":"tools/call","request_id":36}
{"done_at":1786215999.256712,"request_id":36,"ok":true}
{"at":1786216004.407171,"method":"tools/call","request_id":37}
{"done_at":1786216004.636173,"request_id":37,"ok":true}
{"at":1786216010.653133,"method":"tools/call","request_id":38}
{"done_at":1786216010.868208,"request_id":38,"ok":true}
{"at":1786216016.074909,"method":"tools/call","request_id":39}
{"done_at":1786216016.321093,"request_id":39,"ok":true}
{"at":1786216019.350998,"method":"tools/call","request_id":40}
{"done_at":1786216019.419193,"request_id":40,"ok":true}
{"at":1786216026.153416,"method":"tools/call","request_id":41}
{"done_at":1786216026.352428,"request_id":41,"ok":true}
{"at":1786216031.655119,"method":"tools/call","request_id":42}
{"done_at":1786216031.702055,"request_id":42,"ok":true}
{"at":1786216039.533088,"method":"tools/call","request_id":43}
{"done_at":1786216039.719227,"request_id":43,"ok":true}
{"at":1786216052.850928,"method":"tools/call","request_id":44}
{"done_at":1786216053.08371,"request_id":44,"ok":true}
{"at":1786216061.981352,"method":"tools/call","request_id":45}
{"done_at":1786216062.196477,"request_id":45,"ok":true}
{"at":1786216068.706784,"method":"initialize","request_id":0}
{"done_at":1786216068.707325,"request_id":0,"ok":true}
{"at":1786216068.708125,"method":"notifications/initialized","request_id":null}
{"at":1786216068.708588,"method":"tools/list","request_id":1}
{"done_at":1786216068.709003,"request_id":1,"ok":true}
{"at":1786216081.000218,"method":"tools/call","request_id":2}
{"done_at":1786216081.170275,"request_id":2,"ok":true}
{"at":1786216084.542778,"method":"tools/call","request_id":3}
{"done_at":1786216084.607926,"request_id":3,"ok":true}
{"at":1786216093.831584,"method":"tools/call","request_id":4}
{"done_at":1786216094.004917,"request_id":4,"ok":true}
{"at":1786216097.022902,"method":"tools/call","request_id":5}
{"done_at":1786216097.081751,"request_id":5,"ok":true}
{"at":1786216106.332605,"method":"tools/call","request_id":6}
{"done_at":1786216106.534685,"request_id":6,"ok":true}
{"at":1786216113.613563,"method":"tools/call","request_id":7}
{"done_at":1786216113.828438,"request_id":7,"ok":true}
{"at":1786216119.696389,"method":"tools/call","request_id":8}
{"done_at":1786216119.743399,"request_id":8,"ok":true}
{"at":1786216131.630222,"method":"tools/call","request_id":9}
{"done_at":1786216131.822745,"request_id":9,"ok":true}
{"at":1786216139.151545,"method":"tools/call","request_id":10}
{"done_at":1786216139.197157,"request_id":10,"ok":true}
{"at":1786216149.035386,"method":"tools/call","request_id":11}
{"done_at":1786216149.236978,"request_id":11,"ok":true}
{"at":1786216157.989585,"method":"tools/call","request_id":12}
{"done_at":1786216158.200239,"request_id":12,"ok":true}
{"at":1786216163.394276,"method":"tools/call","request_id":13}
{"done_at":1786216163.613573,"request_id":13,"ok":true}
{"at":1786216166.556639,"method":"tools/call","request_id":14}
{"done_at":1786216166.597474,"request_id":14,"ok":true}
{"at":1786216176.456067,"method":"tools/call","request_id":15}
{"done_at":1786216176.646382,"request_id":15,"ok":true}
{"at":1786216179.665422,"method":"tools/call","request_id":16}
{"done_at":1786216179.712189,"request_id":16,"ok":true}
{"at":1786216188.36057,"method":"tools/call","request_id":17}
{"done_at":1786216188.547081,"request_id":17,"ok":true}
{"at":1786216193.885802,"method":"tools/call","request_id":18}
{"done_at":1786216194.104234,"request_id":18,"ok":true}
{"at":1786216206.181345,"method":"tools/call","request_id":19}
{"done_at":1786216206.375839,"request_id":19,"ok":true}
{"at":1786216209.334142,"method":"tools/call","request_id":20}
{"done_at":1786216209.38396,"request_id":20,"ok":true}
{"at":1786216219.384847,"method":"tools/call","request_id":21}
{"done_at":1786216219.575583,"request_id":21,"ok":true}
{"at":1786216226.778616,"method":"tools/call","request_id":22}
{"done_at":1786216226.964151,"request_id":22,"ok":true}
{"at":1786216241.749423,"method":"tools/call","request_id":23}
{"done_at":1786216242.197825,"request_id":23,"ok":true}
{"at":1786216248.635271,"method":"tools/call","request_id":24}
{"done_at":1786216248.886456,"request_id":24,"ok":true}
{"at":1786216253.533905,"method":"tools/call","request_id":25}
{"done_at":1786216253.598377,"request_id":25,"ok":true}
{"at":1786216263.738115,"method":"tools/call","request_id":26}
{"done_at":1786216264.212031,"request_id":26,"ok":true}
{"at":1786216267.588073,"method":"tools/call","request_id":27}
{"done_at":1786216267.651248,"request_id":27,"ok":true}
{"at":1786216278.268293,"method":"tools/call","request_id":28}
{"done_at":1786216278.455305,"request_id":28,"ok":true}
{"at":1786216285.105984,"method":"tools/call","request_id":29}
{"done_at":1786216285.275655,"request_id":29,"ok":true}
{"at":1786216288.382766,"method":"tools/call","request_id":30}
{"done_at":1786216288.44162,"request_id":30,"ok":true}
{"at":1786216299.928972,"method":"tools/call","request_id":31}
{"done_at":1786216300.137127,"request_id":31,"ok":true}
{"at":1786216303.220621,"method":"tools/call","request_id":32}
{"done_at":1786216303.288136,"request_id":32,"ok":true}
{"at":1786216311.097622,"method":"tools/call","request_id":33}
{"done_at":1786216311.278342,"request_id":33,"ok":true}
